,name,rating,reviews,salary,interviews,jobs
0,TCS,3.3,1.1L,10L,11.8k,3.5k
1,Accenture,3.7,73.1k,6.6L,9.3k,32.4k
2,Wipro,3.6,64.8k,4.8L,6.8k,378
3,Cognizant,3.7,61.1k,6L,6.4k,506
4,Capgemini,3.7,52.8k,4.8L,5.5k,2k
5,HDFC Bank,3.8,52k,1.5L,3k,301
6,Infosys,3.5,48.5k,5.2L,8.4k,2.6k
7,HCLTech,3.4,45.7k,3.9L,4.5k,228
8,ICICI Bank,4.0,45.7k,1.5L,2.9k,16
9,Tech Mahindra,3.4,43.2k,2.8L,4.5k,613
10,Genpact,3.6,41.9k,2.3L,3.9k,891
11,TP,3.8,38.1k,97.8k,2.2k,1.5k
12,Jio,4.4,33.6k,62.2k,4.4k,--
13,Axis Bank,3.6,33k,1L,1.9k,214
14,Concentrix Corporation,3.6,32.1k,1.3L,2k,9
15,Amazon,3.9,31.4k,1.5L,5.9k,2.5k
16,Reliance Retail,3.9,27.3k,76.4k,1.9k,105
17,iEnergizer,4.6,27.3k,24.5k,1.4k,83
18,LTIMindtree,3.6,26.3k,2L,3.4k,451
19,IBM,3.9,25.7k,2.2L,2.6k,2.6k
20,HDB Financial Services,3.9,25.6k,49.6k,1.1k,2k
21,Larsen & Toubro Limited,3.9,23.8k,75.3k,1.8k,185
22,Deloitte,3.7,23k,2.6L,3.3k,1.8k
23,Kotak Mahindra Bank,3.6,22.3k,86.8k,1.4k,143
24,Reliance Industries,4.0,20.2k,73.2k,1.6k,66
25,Vodafone Idea,3.9,17.6k,49.6k,692,91
26,Bharti Airtel,3.8,17.1k,49.7k,1.1k,183
27,BYJU'S,3.2,16.4k,52.9k,2.1k,1
28,WNS,3.3,15.1k,70.3k,1.3k,124
29,IDFC FIRST Bank,3.9,14.4k,50k,964,36
30,Ernst & Young,3.4,14.4k,1.4L,1.3k,5.6k
31,IndusInd Bank,3.4,14.2k,51.7k,771,127
32,Tata Motors,4.1,14.2k,43k,1.3k,171
33,AU Small Finance Bank,3.9,14.1k,29.5k,697,370
34,Muthoot FinCorp,4.6,13.1k,9.1k,2.4k,56
35,Bajaj Finserv,4.0,13k,30.9k,748,4
36,Flipkart,3.9,12.9k,55.3k,1.7k,105
37,PwC,3.3,12.5k,1.2L,1.6k,1.3k
38,Mahindra & Mahindra,4.0,12.1k,40.6k,870,1
39,Infosys BPM,3.5,12k,75.5k,1.1k,53
40,HDFC Life,3.9,12k,33.5k,804,117
41,DXC Technology,3.6,11.9k,72k,900,186
42,Bandhan Bank,3.7,11k,24.7k,757,24
43,Digitide Solutions,3.5,10.3k,26.8k,570,329
44,Mphasis,3.3,10.2k,74.8k,931,50
45,Yes Bank,3.7,10.1k,43.4k,557,175
46,Tata Steel,4.0,9.9k,34.5k,1.1k,--
47,Quess,3.8,9.7k,31.4k,544,42
48,Asian Paints,3.9,9.6k,25.5k,863,84
49,Maruti Suzuki,4.2,9.5k,28.3k,787,762
50,Startek,3.1,9.4k,24.8k,637,255
51,UltraTech Cement,4.1,9.4k,24.9k,800,46
52,Paytm,3.2,9.3k,34.3k,898,962
53,Bajaj Finance,3.9,9.1k,23.4k,439,6.5k
54,Shriram Finance,4.0,9.1k,15.2k,450,9
55,Sutherland Global Services,3.4,9k,35.5k,803,298
56,Equitas Small Finance Bank,4.4,8.8k,13.9k,1k,24
57,Wells Fargo,3.6,8.6k,57.8k,693,294
58,Cipla,4.1,8.6k,26.5k,598,56
59,EXL Service,3.6,8.6k,44.7k,913,1.6k
60,Ericsson,3.9,8.4k,42.2k,474,36
61,Samsung,3.9,8.4k,26.6k,630,29
62,Dr. Reddy's,4.0,8.2k,25.8k,515,11
63,Optum Global Solutions,4.0,7.9k,50.3k,771,222
64,JSW Steel,3.9,7.8k,31.5k,832,108
65,JPMorgan Chase & Co.,3.8,7.8k,89.7k,880,812
66,Delhivery,3.8,7.8k,22.2k,613,200
67,ICICI Prudential Life Insurance,3.9,7.7k,23.1k,485,44
68,Hexaware Technologies,3.4,7.6k,54.9k,830,424
69,Ujjivan Small Finance Bank,4.0,7.6k,13.4k,327,87
70,Jana Small Finance Bank,3.7,7.6k,14.4k,307,44
71,HGS,3.7,7.6k,20.7k,275,12
72,Sun Pharmaceutical Industries,4.1,7.6k,23.4k,676,425
73,Amazon Development Centre India,3.8,7.5k,38.8k,892,5
74,Zydus Lifesciences,4.0,7.4k,20k,471,43
75,Ekart Logistics,3.9,7.4k,16.7k,410,3
76,Lupin,4.1,7.4k,22.4k,446,14
77,L&T Construction,4.0,7.3k,19.3k,950,--
78,KPMG India,3.4,7.2k,67k,939,80
79,Hindustan Unilever,4.2,7.2k,20.1k,472,18
80,Axis Max Life Insurance,4.0,7.1k,20.1k,412,129
81,ITC,3.9,7.1k,24.9k,699,87
82,Megha Engineering & Infrastructures,3.9,6.9k,18.7k,574,31
83,Tata Projects,4.2,6.8k,22.6k,609,33
84,Coforge,3.3,6.8k,50.5k,734,205
85,Bajaj Life Insurance,3.8,6.6k,17.4k,448,76
86,Cholamandalam Investment & Finance,3.8,6.6k,12.8k,289,34
87,FIS,3.8,6.5k,38.9k,539,121
88,L&T Technology Services,3.1,6.5k,43.9k,633,--
89,Oracle,3.4,6.4k,63.7k,954,19
90,Omega Healthcare,3.8,6.4k,27.3k,555,180
91,Muthoot Finance,3.7,6.4k,13.1k,358,112
92,JLL,4.1,6.4k,24.9k,494,310
93,IIFL Finance,4.0,6.3k,13.6k,331,67
94,Indian Army,4.7,6.3k,9.4k,207,--
95,eClerx,3.1,6.3k,32.8k,641,565
96,DMart,3.9,6.1k,18.7k,555,241
97,HCL Group,3.5,6.1k,39.1k,520,--
98,Virtusa Consulting Services,3.7,6.1k,57.3k,680,874
99,Piramal Finance,4.2,6k,12.4k,296,8
100,PolicyBazaar,3.8,6k,17.8k,637,1.1k
101,HSBC Group,3.8,6k,44.1k,551,129
102,Indiamart Intermesh,3.5,6k,21.6k,758,179
103,SMFG India Credit,3.9,5.9k,11k,214,58
104,Access Healthcare,3.7,5.9k,29.2k,404,2k
105,BigBasket,3.8,5.8k,19.6k,494,66
106,Siemens,3.9,5.8k,34.4k,509,1.4k
107,Aurobindo Pharma,4.0,5.8k,20.6k,294,14
108,Manappuram Finance,3.9,5.7k,9k,226,28
109,ICICI Lombard General Insurance Company,3.5,5.7k,20.2k,364,214
110,GlobalLogic,3.5,5.7k,41.3k,688,43
111,Firstsource Solutions,3.6,5.7k,24.7k,364,136
112,Udaan,3.9,5.7k,15.7k,373,10
113,Tata Capital,4.0,5.7k,15.9k,279,3.1k
114,Shapoorji Pallonji Group,4.1,5.7k,15.6k,431,76
115,Standard Chartered,3.6,5.7k,42.4k,326,--
116,UST,3.7,5.6k,39.7k,594,48
117,Apollo Hospitals,4.1,5.6k,16.7k,492,241
118,Mahindra Finance,3.9,5.6k,12.1k,222,86
119,Bosch Global Software Technologies,3.7,5.6k,40.9k,394,10
120,Ashok Leyland,4.0,5.6k,18.8k,327,2
121,Swiggy,3.7,5.6k,23.6k,584,190
122,Citicorp,3.6,5.5k,54k,633,--
123,Hero MotoCorp,4.1,5.4k,16k,415,2
124,CGI Group,4.0,5.4k,46.6k,565,501
125,Cyient,3.6,5.3k,27.6k,336,83
126,SBI Cards & Payment Services,3.6,5.3k,16k,310,108
127,BNY,3.6,5.3k,31.7k,404,111
128,NTT DATA,3.8,5.2k,37.1k,753,17
129,Kalpataru Projects International,4.2,5.2k,13.8k,338,2
130,IQVIA,3.7,5.2k,31.4k,559,35
131,Nagarjuna Construction Company,4.0,5.2k,12.5k,449,10
132,JustDial,3.5,5.2k,15.5k,394,81
133,Schneider Electric,4.1,5.1k,25.3k,463,171
134,SBI Life Insurance Company,3.7,5.1k,12k,314,6
135,TVS Motor,3.9,5.1k,16.1k,412,133
136,CBRE,4.1,5.1k,19k,354,143
137,Persistent Systems,3.6,5k,45.8k,713,293
138,State Bank of India,3.8,4.9k,11.7k,317,3
139,Atos,3.8,4.9k,33.8k,411,60
140,vivo,4.1,4.9k,12.8k,244,18
141,KEC International,4.0,4.9k,13.7k,425,22
142,Amdocs,3.6,4.8k,37.6k,562,16
143,Ecom Express,4.0,4.8k,9.6k,264,--
144,ITC Infotech,3.8,4.8k,30k,421,84
145,JBM Group,3.9,4.8k,14k,354,188
146,Varun Beverages,4.0,4.8k,12.3k,354,59
147,Eviden,3.6,4.8k,27.1k,316,--
148,Nagarro,3.9,4.7k,33.1k,836,326
149,Utkarsh Small Finance Bank,3.6,4.7k,11.3k,312,22
150,Randstad,3.7,4.7k,16.9k,334,9
151,Bosch,4.1,4.7k,21.1k,384,--
152,EY Global Delivery Services ( EY GDS),3.5,4.6k,51.4k,893,10
153,Hewlett Packard Enterprise,4.0,4.6k,27.4k,270,242
154,Aditya Birla Fashion and Retail,4.0,4.6k,13.1k,269,65
155,L&T Finance,3.9,4.6k,11.4k,223,--
156,Cars24,3.5,4.6k,15.5k,409,69
157,Home Credit Finance,4.0,4.6k,9.4k,150,86
158,Havells,3.9,4.6k,15k,296,24
159,Mahindra Logistics,3.7,4.6k,12.9k,253,283
160,R1 RCM,3.8,4.5k,22.2k,362,183
161,Intas Pharmaceuticals,4.1,4.5k,17.4k,264,41
162,Dell,3.8,4.5k,29.1k,427,65
163,OPPO,3.9,4.5k,11.8k,256,12
164,Tata AIA Life Insurance,3.9,4.5k,14.4k,256,931
165,Hetero,3.9,4.5k,15.2k,338,81
166,Hyundai Motor India Limited,4.1,4.4k,14.2k,327,1
167,Deutsche Bank,3.9,4.4k,37.2k,426,605
168,Berger Paints,3.7,4.4k,11.1k,435,89
169,Motilal Oswal Financial Services,3.7,4.4k,13k,552,32
170,Lenskart,3.3,4.4k,13.1k,462,173
171,TeamLease Services,3.9,4.4k,16.4k,253,2
172,VE Commercial Vehicles,3.9,4.3k,14.1k,292,25
173,Thermax Limited,4.2,4.3k,13.3k,347,47
174,Macleods Pharmaceuticals,3.7,4.2k,15.7k,270,33
175,Jubilant Foods Works,3.7,4.2k,9.5k,256,335
176,Aakash Educational Services,3.2,4.2k,14.1k,378,107
177,Carelon Global Solutions,3.9,4.2k,28.5k,423,46
178,Bajaj Auto,3.8,4.2k,14.5k,328,40
179,LG Electronics,3.8,4.1k,11.3k,262,13
180,Kogta Financial India Limited,4.7,4.1k,1.9k,252,136
181,Hindalco Industries,4.2,4.1k,12.9k,314,16
182,Jindal Steel Limited,3.9,4.1k,15.9k,429,72
183,State Street Corporation,3.5,4.1k,33.1k,294,11
184,Royal Enfield,4.2,4.1k,15.1k,204,3
185,DCB Bank,3.8,4k,9.7k,234,19
186,HDFC Ergo General Insurance,4.0,4k,12k,202,47
187,Tata Communications,3.9,4k,23.6k,304,275
188,John Deere,4.0,4k,15.5k,268,5
189,Cloudnine Hospital,4.5,4k,3k,1.4k,18
190,RBL Bank,3.5,4k,18.6k,245,38
191,Cummins,4.3,4k,15.6k,291,84
192,Publicis Sapient,3.2,4k,31.4k,702,199
193,Bank of America,4.1,3.9k,29.2k,294,--
194,Alembic Pharmaceuticals,3.9,3.9k,15.5k,259,70
195,Pidilite Industries,4.2,3.9k,11.7k,265,28
196,Oyo Rooms,3.0,3.9k,14k,258,146
197,Aditya Birla Sun Life Insurance,4.0,3.9k,10.3k,184,--
198,Grasim Industries,4.0,3.9k,13k,286,3
199,American Express,4.1,3.8k,25.5k,430,92
200,Subros,3.8,3.8k,12.7k,219,1
201,Kyndryl,4.0,3.8k,27.1k,233,4
202,PNB MetLife,3.3,3.8k,8k,196,26
203,ADP Private Limited,3.9,3.8k,22.2k,294,49
204,Aditya Birla Capital,3.8,3.8k,14.1k,261,3
205,Reliance Communications,4.0,3.8k,9.6k,106,--
206,Altruist Technologies,4.4,3.8k,8.3k,723,6
207,XpressBees,4.2,3.8k,8.4k,445,10
208,Viatris,4.1,3.8k,14.1k,169,4
209,PVR INOX,3.9,3.8k,9.5k,218,35
210,Escorts Kubota Limited,4.0,3.8k,13.7k,304,1
211,Maersk,4.0,3.8k,19.2k,253,49
212,KPIT Technologies,2.9,3.7k,23.6k,348,28
213,Birlasoft,3.5,3.7k,29.8k,317,599
214,JK Cement,4.0,3.7k,10.1k,344,1
215,Synechron,3.4,3.7k,28.6k,407,101
216,Glenmark Pharmaceuticals,3.8,3.7k,12.2k,183,62
217,Dabur,3.8,3.7k,9k,335,34
218,Sodexo,4.0,3.7k,9.9k,207,704
219,Bharat Electronics,4.2,3.7k,12.7k,248,1
220,Kotak Mahindra Life Insurance Company,3.5,3.7k,12.6k,263,142
221,Cogent E Services,3.1,3.7k,10.4k,296,2
222,Godrej & Boyce Manufacturing,3.8,3.6k,15.1k,233,37
223,Samvardhana Motherson Group,3.7,3.6k,12k,260,24
224,Abbott,4.1,3.6k,11.9k,184,177
225,PhonePe,4.0,3.6k,13.4k,424,117
226,Ipca Laboratories,3.8,3.6k,11.5k,213,45
227,Aarti Industries,4.1,3.6k,14.4k,334,95
228,Reliance Projects & Property Management Services,4.0,3.6k,7.4k,214,--
229,Reliance Digital,4.1,3.6k,8.1k,172,--
230,Blinkit,3.8,3.5k,13.3k,355,3
231,MRF Tyres,3.6,3.5k,12.8k,380,16
232,Indian Oil Corporation,4.3,3.5k,7.8k,241,--
233,UNO Minda,4.0,3.5k,11.5k,264,53
234,IGT Solutions,3.2,3.5k,13.6k,257,64
235,Johnson Controls,3.5,3.5k,17.7k,306,3
236,Alkem Laboratories,3.9,3.5k,9.7k,201,23
237,Honda Motorcycle & Scooter,4.1,3.5k,11.2k,206,--
238,ArcelorMittal Nippon Steel India,4.1,3.5k,12.3k,279,8
239,"NTT DATA, Inc.",3.9,3.5k,20.7k,156,94
240,[24]7.ai,3.4,3.5k,11.7k,189,59
241,Vishal Mega Mart,3.8,3.5k,6.3k,216,5
242,Hindustan Coca Cola Beverages,4.0,3.4k,7.7k,184,52
243,UBS,3.8,3.4k,32k,376,2
244,DTDC Express,3.7,3.4k,8.9k,196,43
245,IndusInd Nippon Life Insurance,3.4,3.4k,8.1k,172,1
246,Bajaj General Insurance Limited,3.7,3.4k,11.1k,141,367
247,ABB,4.0,3.4k,18.2k,296,418
248,Barclays,3.8,3.4k,33k,320,--
249,Ceat Tyres,3.9,3.4k,13.1k,213,54
250,Ford Motor,4.2,3.4k,15.5k,176,2
251,TVS Credit Services Ltd,4.2,3.4k,7.4k,159,31
252,RSPL Group,4.1,3.4k,9.7k,259,55
253,NatWest Group,4.0,3.3k,21.2k,237,56
254,AGS Health,4.0,3.3k,14.7k,215,45
255,HARMAN,3.8,3.3k,24.2k,295,132
256,InterGlobe Aviation,3.5,3.3k,13.5k,376,35
257,Croma,3.8,3.3k,9.3k,188,43
258,Conduent,3.4,3.3k,17k,237,272
259,Alstom Transportation,3.7,3.3k,15.2k,282,251
260,Niva Bupa Health Insurance Company,4.0,3.3k,8.5k,379,327
261,Indian Air Force,4.6,3.3k,5.2k,85,2
262,Tata Technologies,3.4,3.2k,23.1k,312,154
263,GeBBS Healthcare Solutions,3.8,3.2k,11.4k,186,85
264,Tata AIG,4.0,3.2k,11.4k,193,75
265,UPL,4.1,3.2k,11.1k,223,37
266,Allcargo Logistics,3.8,3.2k,7.1k,139,45
267,PepsiCo,4.0,3.2k,13.8k,246,200
268,Max Healthcare,4.0,3.2k,10.5k,189,118
269,Amazon Transportation Services,4.2,3.2k,8.5k,259,--
270,Dilip Buildcon,3.9,3.1k,8k,189,16
271,Titan Company,4.2,3.1k,9.7k,207,127
272,Marpu Foundation,4.9,3.1k,60,266,--
273,Mankind Pharma,3.8,3.1k,9.6k,258,8
274,Walmart,3.5,3.1k,23.4k,442,277
275,Sagility,3.9,3.1k,12.3k,250,106
276,Jindal Stainless,4.2,3.1k,11.6k,325,145
277,Varroc Group,3.6,3.1k,9.5k,223,19
278,S&P Global,4.0,3.1k,20.7k,334,331
279,Societe Generale Global Solution Centre,3.6,3.1k,23.3k,302,99
280,MSN Laboratories,3.6,3.1k,9.5k,178,27
281,Torrent Pharmaceuticals,4.0,3.1k,10.5k,172,30
282,Quest Global,3.5,3.1k,21.6k,364,189
283,Afcons Infrastructure,4.2,3.1k,8.7k,268,35
284,Ola Electric Mobility,3.3,3k,9.7k,310,--
285,Future Group,4.3,3k,6.6k,84,--
286,IDFC FIRST Bharat,4.2,3k,5.1k,154,7
287,ESAF Small Finance Bank,3.6,3k,7.7k,171,59
288,Square Yards,3.6,3k,9.4k,231,68
289,CMS IT Services,3.1,3k,9.4k,159,38
290,HDFC Sales,3.9,3k,8.3k,195,16
291,Zensar Technologies,3.7,3k,25.7k,282,418
292,DS Group,4.1,3k,7.2k,225,42
293,I Process Services,3.8,3k,5.5k,137,--
294,Bharat Financial Inclusion,3.7,3k,5.2k,126,6
295,Suzlon Group,4.0,3k,7.8k,181,12
296,Tata Elxsi,3.4,3k,23.5k,343,60
297,ACC,3.9,3k,9.1k,237,13
298,Eternal Limited,3.6,2.9k,14.9k,362,6
299,VVDN Technologies,3.6,2.9k,13.8k,261,11
300,Fujitsu,3.8,2.9k,17.5k,214,142
301,Indus Towers,3.6,2.9k,9.3k,228,38
302,Shoppers Stop,4.0,2.9k,6.9k,146,39
303,Nokia,4.0,2.9k,16.9k,326,198
304,Yazaki,3.9,2.9k,9.1k,191,1
305,IKS Health,3.6,2.9k,11.5k,268,36
306,Apollo Tyres,4.0,2.9k,10k,155,2
307,Tata Electronics,3.9,2.9k,11.9k,275,133
308,Zepto,3.5,2.9k,9.6k,466,34
309,Shree Cement,3.8,2.8k,10.1k,225,14
310,Fiserv,2.8,2.8k,17.7k,196,8
311,Britannia,4.0,2.8k,8.5k,236,21
312,Landmark Group,3.8,2.8k,9.4k,177,10
313,Dalmia Bharat Cement,3.9,2.8k,5.2k,202,2
314,UnitedHealth,4.0,2.8k,14.1k,84,--
315,SRF,4.1,2.8k,9k,210,7
316,Nestlé,3.8,2.8k,9.9k,287,32
317,Blue Dart Express Ltd,3.9,2.8k,6.8k,131,4
318,Kansai Nerolac Paints,3.8,2.8k,7.8k,193,70
319,Exide Industries,3.4,2.7k,8.9k,218,55
320,Shell,3.9,2.7k,14.2k,237,73
321,ZS,3.1,2.7k,20.6k,528,123
322,KPMG Global Services,3.4,2.7k,24.4k,263,26
323,Flex,4.0,2.7k,15.7k,214,63
324,Star Health & Allied Insurance,3.5,2.7k,10.3k,157,33
325,Micro Labs,3.6,2.7k,9.9k,153,20
326,Whitehat jr,3.3,2.7k,9.2k,265,--
327,ElasticRun,3.6,2.7k,6.2k,276,1
328,Exl India,3.5,2.7k,16.5k,132,1
329,TVS Supply Chain Solutions,3.8,2.7k,8.6k,161,12
330,Capita,3.5,2.7k,12.7k,168,42
331,KFintech,3.4,2.7k,11.3k,178,5
332,G4S,4.0,2.7k,5.1k,134,746
333,Voltas,4.0,2.6k,8.7k,176,24
334,Physicswallah,3.6,2.6k,8.6k,287,758
335,Sonalika Tractors,3.5,2.6k,9.1k,176,22
336,Blue Star,4.1,2.6k,9.9k,200,94
337,Care Health Insurance,3.6,2.6k,8.8k,163,61
338,Ajanta Pharma,3.9,2.6k,8.9k,168,34
339,BlackBuck,3.7,2.6k,6.3k,216,30
340,Foxconn,3.9,2.6k,11.1k,234,21
341,Movate,3.1,2.6k,15.1k,297,134
342,Gallagher,3.7,2.6k,14.5k,274,133
343,Domino's Pizza,3.9,2.6k,4.3k,130,--
344,NoBroker,3.0,2.6k,10.8k,285,339
345,Fortis Healthcare,4.0,2.6k,7.6k,193,846
346,Photon Interactive,4.1,2.6k,7.5k,137,964
347,ACT Fibernet,3.8,2.6k,7.8k,160,141
348,Adani Power,3.7,2.6k,9.9k,316,--
349,DBS Bank,3.7,2.6k,13.2k,198,26
350,Tata Advanced Systems,3.7,2.6k,12.9k,188,--
351,Himalaya Wellness,3.9,2.6k,6.1k,150,42
352,Foundever,3.4,2.6k,8.9k,182,54
353,Sahrudaya Healthcare (Medicover Hospitals),4.4,2.5k,3.6k,146,45
354,IntouchCX,2.7,2.5k,10.2k,240,191
355,BT Group,3.8,2.5k,11.6k,229,1
356,V-Mart,4.0,2.5k,4.6k,193,16
357,Sterlite Technologies,3.8,2.5k,10.1k,185,126
358,Alldigi Tech,3.9,2.5k,7.6k,235,27
359,Laurus Labs,4.3,2.5k,7.3k,157,2
360,Bajaj Electricals,3.9,2.5k,7.4k,153,14
361,JCB,3.9,2.5k,9.7k,170,11
362,Northern Trust Operating Services,3.6,2.5k,17.6k,244,84
363,Tractors and Farm Equipment,3.9,2.5k,8.4k,136,32
364,Sammaan Capital Limited,3.8,2.5k,5.8k,113,9
365,Parle Agro,4.0,2.5k,6.7k,149,1
366,Canara HSBC Life Insurance,3.6,2.5k,6.3k,138,--
367,Planet Spark,3.8,2.5k,3.6k,595,64
368,Patanjali Ayurved,3.9,2.4k,5.7k,137,--
369,McDonald's,3.9,2.4k,5k,157,2
370,ICICI Securities,3.9,2.4k,9.6k,198,5
371,Hero FinCorp,3.9,2.4k,5.8k,123,36
372,Biocon Limited,4.0,2.4k,11.6k,188,18
373,Emcure Pharmaceuticals,3.6,2.4k,8.5k,131,55
374,Adani Group,3.8,2.4k,11.2k,296,1k
375,Paras Hospital,4.1,2.4k,3.2k,99,42
376,Intellect Design Arena,3.6,2.4k,13.7k,182,30
377,Datamatics Global Services,3.4,2.4k,11.8k,183,56
378,CorroHealth Infotech,3.6,2.4k,7.6k,281,46
379,Statestreet HCL Services,3.4,2.4k,13.3k,220,--
380,Statestreet HCL Services,3.4,2.4k,13.3k,220,--
381,Mahindra Holidays & Resorts,3.5,2.4k,5.9k,130,60
382,Taj Hotels Resorts and Palaces,4.2,2.4k,4.9k,163,474
383,Aditya Birla Group,4.1,2.4k,10.1k,242,1
384,Cadila Pharmaceuticals,3.2,2.4k,8.1k,158,102
385,Syngene International,3.8,2.4k,12.7k,191,8
386,TaskUs,3.0,2.4k,9.6k,225,201
387,Axis Direct,3.6,2.4k,4.6k,88,45
388,3i Infotech,3.4,2.4k,10.7k,167,74
389,Cholamandalam MS General Insurance,3.7,2.4k,6k,115,--
390,Info Edge,3.9,2.4k,11.3k,381,361
391,Capgemini Engineering,3.3,2.4k,14k,399,--
392,Delhi Public School,3.8,2.3k,5.2k,161,174
393,KocharTech,3.6,2.3k,3.8k,83,24
394,Bureau Veritas,3.8,2.3k,8.2k,145,47
395,RMSI,3.5,2.3k,8.9k,195,6
396,Aavas Financiers,3.9,2.3k,5.5k,122,55
397,Cybage,3.8,2.3k,17.2k,213,19
398,Xoriant,4.1,2.3k,11.6k,234,32
399,Straive,3.3,2.3k,10.2k,224,64
400,Kia India,3.9,2.3k,8.3k,180,79
401,Sopra Steria,3.9,2.3k,14.1k,184,94
402,Apollo Pharmacy,3.7,2.3k,6.9k,188,1k
403,Akums Drugs & Pharmaceuticals Limited,4.2,2.3k,6.3k,332,18
404,GAO Tek,4.5,2.3k,264,601,--
405,Lifestyle,4.2,2.3k,6.7k,84,14
406,GVK Emergency Management and Research Institute,3.6,2.3k,4.7k,118,67
407,Eureka Forbes,3.6,2.3k,5.6k,92,12
408,Sobha,3.8,2.3k,8.3k,165,--
409,Lodha,4.2,2.3k,8.7k,174,190
410,Newgen Software Technologies,4.1,2.3k,11.7k,206,49
411,Bharat Petroleum,4.2,2.3k,7.3k,189,--
412,SBI Securities,3.6,2.3k,6.8k,189,58
413,TCE,3.8,2.3k,9.7k,296,24
414,Radisson Hotels,4.0,2.3k,5.1k,104,106
415,Unacademy,2.9,2.3k,10.2k,239,31
416,Myntra,3.8,2.3k,10.6k,348,11
417,Team Computers,3.6,2.3k,8.6k,200,175
418,Endurance Technologies Limited,4.0,2.2k,7.9k,137,26
419,Panasonic Life Solutions India,3.9,2.2k,6.7k,98,20
420,Daikin Airconditioning India Pvt. Ltd.,4.2,2.2k,7.9k,214,3
421,AWL Agri Business,4.0,2.2k,6.8k,134,16
422,Star Union Dai-ichi Life Insurance,3.8,2.2k,5.3k,136,14
423,BNP Paribas,3.7,2.2k,18.8k,216,25
424,Lava International,3.9,2.2k,4.4k,87,5
425,Bharti AXA Life Insurance,3.6,2.2k,5.2k,153,45
426,Cisco,4.1,2.2k,18.9k,414,174
427,SBI General Insurance,3.6,2.2k,6.4k,133,27
428,Indian Railways,4.2,2.2k,3.4k,115,--
429,Whirlpool,4.0,2.2k,7.9k,119,9
430,Meesho,3.7,2.2k,9.6k,431,60
431,Renault Nissan Technology & Business Centre India,3.7,2.2k,14.9k,155,21
432,Coromandel International,4.1,2.2k,7.7k,127,20
433,GlaxoSmithKline Pharmaceuticals,4.0,2.2k,5.7k,126,39
434,Ambuja Cements,3.8,2.2k,6k,164,--
435,Sify Technologies,3.6,2.2k,9.9k,148,56
436,ValueLabs,3.5,2.2k,16.2k,217,70
437,Shahi Exports,3.9,2.2k,6.9k,125,66
438,Allstate,3.7,2.2k,12.4k,156,9
439,Nokia Networks,4.1,2.2k,10.3k,126,--
440,Bank of Baroda,3.5,2.1k,7k,120,--
441,Microsoft Corporation,3.8,2.1k,30.3k,623,--
442,Life Insurance Corporation of India,4.4,2.1k,4.5k,104,3
443,Brakes India,3.9,2.1k,7.2k,109,40
444,JK Tyre,3.8,2.1k,6.9k,163,5
445,Mercedes-Benz Research and Development India,3.6,2.1k,18k,209,181
446,Poonawalla Fincorp,3.5,2.1k,5.9k,86,20
447,Spark Minda,3.8,2.1k,7.2k,161,16
448,BHEL,4.2,2.1k,5.2k,137,53
449,Cargill,3.9,2.1k,8.6k,113,148
450,CAMS,3.6,2.1k,8.8k,149,15
451,Generali Central Life Insurance,3.5,2.1k,6.8k,120,13
452,upGrad,3.3,2.1k,9.3k,217,68
453,Saint-Gobain,3.8,2.1k,11.8k,209,156
454,FirstCry,3.5,2.1k,8.7k,213,12
455,Jio Platforms,3.4,2.1k,14.4k,267,--
456,Power Mech Projects,3.8,2.1k,6.8k,124,28
457,Huawei Technologies,4.1,2.1k,7.9k,121,34
458,Manipal Hospitals,4.1,2.1k,7.1k,138,90
459,Nuvoco Vistas,4.1,2.1k,7.1k,133,21
460,Pfizer,3.9,2.1k,5.9k,88,39
461,Kotak Securities,3.5,2.1k,9.5k,146,33
462,"Maruti Suzuki India Limited, Hansalpur",4.2,2.1k,6.8k,231,--
463,Force Motors,3.7,2.1k,8.3k,145,24
464,NTT DATA Business Solutions,4.1,2.1k,12.6k,274,31
465,Simplex Infrastructures,3.4,2.1k,4.4k,83,2
466,CitiusTech,3.1,2.1k,14.5k,317,16
467,ITC Hotels,4.1,2.1k,5.3k,105,--
468,Infinite Computer Solutions,3.3,2.1k,15.5k,174,299
469,Reliance Trends,4.1,2.1k,4.1k,124,--
470,Raymond Lifestyle Limited,4.2,2.1k,6.4k,115,20
471,Ola Cabs,3.3,2.1k,9k,154,3
472,IndusInd General Insurance,3.6,2.1k,7.2k,100,4
473,Delphi TVS,3.8,2.1k,5.6k,101,--
474,Renault-Nissan,4.1,2k,7.5k,126,--
475,Biological E,4.2,2k,7.1k,145,21
476,Extramarks Education,3.3,2k,7.4k,176,3
477,Morgan Stanley,3.6,2k,26.8k,340,5
478,Henry Harvin Education,3.6,2k,936,80,56
479,SGS,3.8,2k,6.4k,128,112
480,EPAM Systems,3.7,2k,23.1k,639,47
481,YASH Technologies,3.7,2k,16.2k,172,439
482,K12 Techno Services,3.7,2k,5.3k,427,290
483,Senco Gold,4.4,2k,1.5k,634,1
484,Novartis,4.1,2k,10.3k,168,110
485,Aditya Birla Health Insurance Co,3.7,2k,7.3k,125,3
486,IDBI Bank,3.3,2k,6.2k,86,1
487,Narayana Health,4.0,2k,6k,96,96
488,Ninjacart,3.8,2k,5.1k,104,22
489,SAP,4.1,2k,18k,319,--
490,State Street Syntel,3.7,2k,6.8k,80,--
491,HSBC Electronic Data Processing,4.0,2k,8.5k,91,--
492,Shadowfax Technologies,3.5,2k,7.6k,168,40
493,AECOM,4.2,2k,7.1k,152,144
494,L&T Energy Hydrocarbon,3.8,2k,8.3k,118,--
495,Schindler,3.9,2k,6.2k,123,68
496,Haier Appliances India,4.0,2k,7.1k,164,52
497,Honeywell Automation,3.7,2k,12.2k,136,--
498,Trent,3.8,2k,4.9k,109,17
499,R.R. Donnelley,3.6,1.9k,10.2k,129,18
500,Paisabazaar.com,3.4,1.9k,7k,169,55
501,Motherson Automotive Technologies and Engineering,3.8,1.9k,7.6k,159,32
502,NCR Voyix,3.4,1.9k,9.3k,143,27
503,Philips,3.8,1.9k,11k,178,158
504,Dr Lal PathLabs,4.2,1.9k,4.5k,183,105
505,Microland,3.5,1.9k,10.7k,145,407
506,CMS Infosystems,3.5,1.9k,4.8k,81,7
507,Uflex,3.8,1.9k,6.7k,129,60
508,V-Guard Industries,4.3,1.9k,4.6k,117,24
509,Spinny,3.6,1.9k,7.6k,211,35
510,Gabriel India Limited,4.1,1.9k,5.9k,132,3
511,Parle Products,3.9,1.9k,3.5k,123,14
512,Globiva,3.0,1.9k,5.3k,139,171
513,Crisil,3.5,1.9k,13.4k,213,711
514,Adecco Group,3.8,1.9k,7.2k,119,--
515,CNH (Case New Holland),3.7,1.9k,6k,139,29
516,Google,4.4,1.9k,34k,1k,486
517,Aye Finance,4.1,1.9k,3.5k,100,48
518,G R Infraprojects,4.1,1.9k,5.4k,164,28
519,HTC Global Services,3.4,1.9k,13.2k,167,4
520,Aadhar Housing Finance,4.0,1.9k,5k,119,16
521,Angel One,3.6,1.9k,7.6k,169,31
522,DHL Supply Chain,4.2,1.9k,6.1k,124,170
523,Lucas-TVS,3.9,1.9k,6.1k,93,17
524,NTPC,4.2,1.9k,4.3k,185,--
525,Safexpress,3.9,1.9k,5.7k,129,6
526,Tekwissen,4.9,1.9k,593,341,48
527,Infinx,3.7,1.9k,5.4k,208,31
528,Tata Power,3.9,1.9k,7.3k,217,11
529,Trident Group,3.2,1.9k,5.4k,136,38
530,Thomson Reuters,3.7,1.9k,10.8k,139,104
531,ICICI Home Finance,3.7,1.9k,5.2k,102,16
532,Iris Software,3.8,1.9k,8k,206,489
533,Tata Tele Business Services,3.6,1.9k,4.5k,55,41
534,Hindustan Aeronautics,4.3,1.9k,4.3k,89,1
535,CSB Bank,3.3,1.9k,6.9k,108,856
536,PI Industries,3.8,1.9k,6.9k,138,11
537,Jindal Saw,4.0,1.9k,6.6k,146,50
538,NeoSOFT,3.3,1.9k,10.7k,301,39
539,Torrent Power,3.8,1.9k,7.8k,165,77
540,Verizon,3.5,1.9k,11.8k,135,4
541,TVS Sundram Fasteners,3.6,1.9k,6.6k,93,15
542,TELUS Digital,3.5,1.9k,9.9k,141,30
543,KENT RO Systems,3.7,1.9k,4.2k,103,5
544,Polycab Wires,4.0,1.8k,7.3k,133,70
545,Aragen Life Sciences,3.9,1.8k,6.6k,128,103
546,Medi Assist India,3.5,1.8k,7.3k,139,18
547,Honda Cars,4.3,1.8k,6.3k,113,--
548,First American (India),3.5,1.8k,9.5k,100,43
549,AXA Global Business Services,3.7,1.8k,7.2k,104,8
550,Infra.Market,3.9,1.8k,3.7k,279,--
551,Godrej Properties,3.6,1.8k,9k,132,3
552,Fusion CX,3.3,1.8k,4.4k,145,96
553,Capri Global Capital,3.6,1.8k,4.3k,74,--
554,AkzoNobel,4.1,1.8k,4.4k,142,26
555,Sterling & Wilson,4.0,1.8k,6.7k,83,39
556,Haldiram Foods International Limited,3.8,1.8k,5.9k,156,--
557,Innovsource Services,3.9,1.8k,4.6k,77,--
558,DIVI'S Laboratories,3.6,1.8k,6.9k,103,--
559,Provana,3.9,1.8k,4.3k,196,46
560,Cafe Coffee Day,3.7,1.8k,3.8k,84,8
561,Hindustan Petroleum,4.2,1.8k,6k,118,--
562,Air India,3.4,1.8k,7.9k,217,36
563,Stellar Migration,1.3,1.8k,--,2,--
564,Digit Insurance,3.7,1.8k,5.9k,233,76
565,MetLife,4.0,1.8k,9.3k,102,104
566,SS&C TECHNOLOGIES,3.2,1.8k,13.4k,199,112
567,Tata Communications Transformation Services,3.8,1.8k,8.4k,101,--
568,Kalyan Jewellers,4.4,1.8k,1.5k,81,39
569,Reckitt Benckiser,4.0,1.8k,6.2k,107,52
570,LivSpace,3.3,1.8k,8.1k,169,122
571,USHA International,4.0,1.7k,4.8k,115,20
572,USV,4.0,1.7k,5.7k,88,79
573,Security and Intelligence Services (India),4.0,1.7k,4.4k,83,33
574,Isgec Heavy Engineering,3.8,1.7k,6.9k,147,58
575,BT Business,3.9,1.7k,9.1k,90,5
576,HDFC Securities,3.4,1.7k,6k,127,50
577,Future Retail,4.4,1.7k,3.7k,58,--
578,Vedantu,3.3,1.7k,8.2k,201,16
579,Adani Green Energy,3.9,1.7k,5.9k,157,1
580,Dhani Loans and Services,3.9,1.7k,4.2k,70,22
581,Annapurna Finance,3.8,1.7k,3.7k,84,3
582,XBP Global,3.2,1.7k,7.6k,103,74
583,Pine Labs,3.3,1.7k,7.5k,135,16
584,Bata,3.5,1.7k,4.1k,87,8
585,Rungta Mines,4.0,1.7k,5.5k,186,--
586,BVG India,4.2,1.7k,3.9k,171,97
587,Mother Dairy Fruit & Vegetable,4.0,1.7k,5.1k,104,4
588,Metro Cash & Carry,4.0,1.7k,4.9k,77,4
589,Granules India Limited,3.8,1.7k,6.3k,84,15
590,Orchids International School,3.9,1.7k,3.9k,349,19
591,Orange Business,4.1,1.7k,9k,118,30
592,Indian Navy,4.6,1.7k,3.4k,37,--
593,NEC,4.0,1.7k,5.5k,79,4
594,TTEC India,3.7,1.7k,5.4k,193,18
595,Sysnet Global Technologies,3.7,1.7k,4.2k,142,4
596,Hitachi Astemo,4.1,1.7k,6.4k,138,--
597,Medanta the Medicity,4.0,1.7k,5.1k,131,99
598,Cushman & Wakefield,4.1,1.7k,6.5k,122,164
599,FactSet,3.7,1.7k,10.6k,233,17
600,HighRadius,2.5,1.7k,8.9k,211,52
601,Cavinkare,3.9,1.7k,4.8k,71,13
602,Caterpillar Inc,4.1,1.7k,11k,209,215
603,Frankfinn Institute of Air Hostess Training,3.9,1.7k,3.2k,127,84
604,IIFL SAMASTA,3.7,1.7k,3.2k,83,9
605,KONE,4.1,1.7k,5.7k,143,68
606,Yamaha Motor,4.1,1.7k,5.3k,90,6
607,Health Care Global Enterprises,4.4,1.7k,2.8k,173,146
608,MagicBricks,4.0,1.6k,4.6k,350,15
609,DHL Express,4.1,1.6k,6.1k,79,--
610,Rane (Madras),3.9,1.6k,4.9k,96,34
611,L.G.Balakrishnan & Bros,3.5,1.6k,5.8k,84,7
612,BA Continuum,3.9,1.6k,10.2k,112,--
613,JSW Bhushan Power & Steel,4.0,1.6k,4.9k,80,--
614,Compass Group Support Services,4.0,1.6k,5.4k,88,37
615,Procter & Gamble,4.0,1.6k,6k,133,--
616,NielsenIQ,3.5,1.6k,10.1k,235,17
617,Wipro Enterprises Ltd,3.8,1.6k,8.2k,206,148
618,Patanjali Foods,3.7,1.6k,4.5k,105,18
619,Clover Infotech,3.4,1.6k,11.9k,141,118
620,Vardhman Fabrics,4.0,1.6k,5.3k,82,8
621,Tata 1mg,3.5,1.6k,7.1k,221,63
622,CG Power and Industrial Solutions,3.8,1.6k,6.6k,107,3
623,Johnson & Johnson,4.0,1.6k,5.8k,116,45
624,Matrimony.com,4.0,1.6k,4.5k,102,49
625,ReNew,4.2,1.6k,6.2k,139,73
626,Belrise Industries,3.7,1.6k,6k,106,10
627,Arvind Group,4.0,1.6k,5.3k,81,--
628,Tata Play,3.9,1.6k,4.7k,90,1
629,Hero Motors Company,3.9,1.6k,6.2k,98,2
630,Suryoday Small Finance Bank,4.0,1.6k,4.6k,97,20
631,Chegg,4.1,1.6k,3.8k,167,6
632,Toyota Kirloskar Motor,4.3,1.6k,4.6k,82,12
633,CMA CGM,3.9,1.6k,8k,101,23
634,Krishna Maruti,3.8,1.6k,5.1k,131,11
635,HERE Technologies,3.8,1.6k,7.8k,112,13
636,American Broadcasting Company,4.0,1.6k,35.2k,597,5
637,Coronis Ajuba Solutions,3.9,1.6k,5.8k,93,21
638,Dixon Technologies,3.9,1.6k,5.7k,146,37
639,Shriram Life Insurance,3.5,1.6k,4.8k,111,26
640,Goldman Sachs,3.4,1.6k,20.5k,415,326
641,Satin Creditcare Network,3.9,1.6k,3.1k,65,16
642,Godrej Industries Group,3.9,1.6k,3k,152,1
643,Marico,3.8,1.6k,5.7k,102,32
644,Welspun Living Limited,3.9,1.6k,5.1k,91,1
645,Emami,3.8,1.6k,5.2k,104,5
646,Veritas Finance,4.3,1.6k,2.2k,88,--
647,PharmEasy,3.7,1.6k,6.5k,119,--
648,ZF Commercial Vehicle Control Systems,3.8,1.6k,3.8k,83,--
649,Teva Pharmaceuticals,3.9,1.6k,5.7k,120,19
650,iOPEX Technologies,3.1,1.6k,6k,90,43
651,Wockhardt,3.8,1.6k,4.1k,66,56
652,Honda,4.1,1.6k,3.9k,114,4
653,Supreme Industries,4.1,1.6k,5.7k,99,1
654,Sanofi,4.0,1.6k,5.8k,100,118
655,Urban Company,3.3,1.6k,6.8k,170,110
656,KFC,4.0,1.6k,3.1k,86,--
657,Mercer,3.6,1.6k,10k,98,126
658,Asahi India Glass,3.8,1.6k,5.2k,112,50
659,IFB,3.6,1.5k,5.3k,123,16
660,Cemindia Projects,4.2,1.5k,3.1k,91,8
661,Relaxo Footwear,4.0,1.5k,4.7k,110,35
662,Amul India,4.0,1.5k,4.2k,158,3
663,Broadridge Financial Solutions,3.8,1.5k,11.1k,163,64
664,IndiaFirst Life Insurance,3.8,1.5k,3.9k,83,334
665,Marriott International,4.1,1.5k,4.7k,103,565
666,Kotak Mahindra Prime,3.9,1.5k,5.2k,71,--
667,Bajaj Capital,3.5,1.5k,3.8k,168,54
668,Gujarat Fluorochemicals,3.9,1.5k,6.7k,108,26
669,Suguna Foods,3.9,1.5k,4.1k,97,27
670,Dainik Bhaskar Group,4.1,1.5k,4.3k,82,67
671,Nayara Energy,4.2,1.5k,6k,97,--
672,Muthoot Microfin,4.2,1.5k,2.5k,85,8
673,Bisleri,4.2,1.5k,4.4k,118,13
674,Lumax Industries,3.9,1.5k,5.8k,104,36
675,Hinduja Leyland Finance,3.9,1.5k,3k,59,12
676,Patra India,3.6,1.5k,6.1k,119,5
677,Tesco,3.5,1.5k,9.1k,149,8
678,HCL Infosystems,4.0,1.5k,6.9k,146,--
679,SHYAM METALICS AND ENERGY,3.4,1.5k,4.8k,155,8
680,Tata Consumer Products,3.4,1.5k,5.9k,99,6
681,XL Dynamics,3.6,1.5k,3.6k,96,17
682,Oracle Cerner,3.3,1.5k,10.1k,170,--
683,Steel Strips Wheels,3.8,1.5k,5.5k,89,48
684,Evalueserve,3.0,1.5k,10.3k,141,67
685,Karur Vysya Bank,3.5,1.5k,4.7k,108,10
686,Labmentix,4.5,1.5k,33,535,--
687,GMR Group,3.9,1.5k,4.6k,105,14
688,GE VERNOVA,4.1,1.5k,5.4k,114,236
689,Canara Bank,3.6,1.5k,4k,50,--
690,SAI Life Sciences,3.9,1.5k,6k,110,48
691,Piramal Pharma,3.9,1.5k,6.5k,122,41
692,Page Industries,4.1,1.5k,4.8k,73,9
693,Ashoka Buildcon,4.1,1.5k,4.2k,81,2
694,Tata AutoComp Systems,3.8,1.5k,6.9k,118,45
695,Wheelseye Technology,3.4,1.5k,3.9k,119,19
696,Max Fashion,4.0,1.5k,3.4k,78,17
697,Tanishq,4.1,1.5k,3.2k,112,1
698,QualityKiosk Technologies,3.2,1.5k,11.2k,166,185
699,Sonata Software,3.4,1.5k,11.2k,138,111
700,Honeywell Technology Solutions,3.7,1.5k,11.3k,165,--
701,Gland Pharma,4.0,1.5k,5.9k,90,12
702,Tata Group,4.2,1.5k,5.5k,383,1
703,Airtel Payments Bank,3.8,1.5k,5.1k,114,21
704,Chandigarh University,4.3,1.5k,2.8k,108,46
705,ISS Facility Services,4.0,1.5k,4.1k,69,11
706,Devyani International,3.8,1.5k,3.4k,71,14
707,Taurus BPO Services,4.1,1.5k,960,35,1
708,V5 Global Services,3.9,1.5k,3.6k,94,7
709,Indoco Remedies,3.5,1.5k,5.5k,89,23
710,Daimler India Commercial Vehicles,3.9,1.5k,6.7k,76,7
711,Oberoi Group of Hotels,4.0,1.4k,3.8k,97,--
712,mPokket,4.5,1.4k,1.5k,345,14
713,Apco Infratech,3.8,1.4k,4.3k,138,37
714,Aon,3.8,1.4k,6.2k,89,50
715,Valeo,4.0,1.4k,8.1k,105,156
716,Acuity Analytics,3.2,1.4k,12.4k,180,147
717,Heritage Foods,4.1,1.4k,3.8k,103,37
718,Narayana Educational Society,3.6,1.4k,4.1k,68,8
719,NIIT,3.5,1.4k,6k,108,32
720,Hyatt Regency,4.0,1.4k,3k,60,1
721,Bharat Forge,3.8,1.4k,6.4k,79,4
722,Amneal Pharmaceuticals,4.2,1.4k,6.1k,83,23
723,Apexon,3.3,1.4k,9.5k,177,28
724,SBFC Finance,3.8,1.4k,2.8k,98,59
725,PNB Housing Finance,3.8,1.4k,4.6k,55,--
726,Happiest Minds Technologies,3.4,1.4k,12.5k,151,375
727,Acmegrade,3.9,1.4k,282,68,--
728,Altimetrik,3.5,1.4k,11.9k,266,95
729,Sony,4.1,1.4k,4.6k,84,19
730,Agilus Diagnostics,4.1,1.4k,3.3k,85,17
731,Jaquar,4.1,1.4k,5.2k,86,39
732,ALTEN,3.6,1.4k,8.3k,161,33
733,CIE Automotive India Limited (Formerly known as Mahindra CIE Automotive Limited),3.6,1.4k,4.9k,90,--
734,Aumovio,3.8,1.4k,9.3k,81,16
735,Indegene,3.3,1.4k,9.7k,172,21
736,Tieto,4.1,1.4k,9.5k,105,46
737,Morningstar,3.7,1.4k,10.2k,264,48
738,AB InBev India,3.3,1.4k,7.8k,114,98
739,Fusion Finance,3.9,1.4k,3.2k,59,5
740,Fusion Finance,3.9,1.4k,3.2k,59,5
741,J. Kumar Infraprojects,4.1,1.4k,4.5k,93,2
742,Slk Software Services,3.2,1.4k,9.4k,114,85
743,IDC Technologies,3.1,1.4k,6.8k,76,--
744,Adobe,3.7,1.4k,12.9k,270,229
745,The Muthoot Group,3.6,1.4k,3.7k,84,--
746,Xiaomi,3.8,1.4k,5.7k,112,4
747,TCS iON,3.8,1.4k,4k,404,--
748,Vfs Global Services,3.4,1.4k,4.3k,71,6
749,VLCC,3.3,1.4k,3.3k,53,29
750,DCM Shriram,4.1,1.4k,4.8k,109,20
751,Nykaa,3.4,1.4k,6.7k,151,23
752,Unisys,3.5,1.4k,10.1k,81,15
753,Infogain,3.5,1.4k,11k,136,161
754,FedEx Express,4.0,1.4k,5.1k,111,60
755,Sansera Engineering,4.0,1.4k,5.5k,97,12
756,Chetu,3.6,1.4k,7.4k,229,1
757,AtkinsRealis,3.7,1.4k,5.9k,109,323
758,VOIS,3.8,1.4k,8.4k,182,47
759,MedPlus,3.6,1.4k,4.3k,108,55
760,Kantar,3.5,1.4k,6.7k,118,7
761,Oracle Financial Services Software,3.3,1.4k,10.8k,194,--
762,EOSGlobe,2.9,1.4k,3.9k,91,12
763,Eaton,4.0,1.4k,8k,147,--
764,City Union Bank,2.9,1.4k,5.8k,122,6
765,Sharekhan,3.7,1.4k,5.1k,100,72
766,Aerial Telecom Solutions,4.2,1.4k,2.2k,123,19
767,Worley,4.1,1.4k,7.3k,140,106
768,Fino Payments Bank,3.8,1.4k,4k,63,8
769,TEKsystems,3.1,1.4k,10.8k,138,17
770,Faurecia,3.9,1.4k,6k,71,17
771,TÜV SÜD,4.0,1.4k,3.8k,103,154
772,Aforeserve,3.4,1.4k,3.6k,93,15
773,Bajaj Housing Finance,3.6,1.4k,5.8k,71,49
774,Paytm Payments Bank,3.8,1.4k,5.6k,142,--
775,Amity University,3.6,1.4k,5.2k,115,14
776,Rashmi Metaliks,3.2,1.4k,4.6k,114,4
777,Sheenlac Paints,4.2,1.4k,1.6k,210,--
778,Novo Nordisk,3.7,1.4k,6.4k,100,104
779,Bharat FIH,3.7,1.4k,5.3k,91,--
780,iMerit,3.2,1.4k,5.5k,118,9
781,Sunknowledge Services,3.4,1.3k,3.7k,107,16
782,JioMart,3.9,1.3k,4.2k,116,--
783,Iffco Tokio General Insurance Co.,3.8,1.3k,4.1k,50,--
784,Incedo,2.9,1.3k,10.2k,202,40
785,Citco,3.1,1.3k,9.4k,168,75
786,JSW Cement,4.0,1.3k,4.3k,136,19
787,Unichem Laboratories,3.6,1.3k,5.2k,94,51
788,DEXIT Global,3.5,1.3k,6k,139,--
789,Big Bazaar,4.3,1.3k,2.2k,47,--
790,Burger King,3.9,1.3k,3.5k,96,9
791,Aptara,3.1,1.3k,6.3k,78,10
792,GE,4.1,1.3k,7.4k,113,85
793,Collabera Talent Solutions,3.5,1.3k,6.9k,151,19
794,INDIUM,4.0,1.3k,6.9k,250,104
795,Hindware Limited,3.9,1.3k,4.6k,85,13
796,FDC,3.7,1.3k,3.7k,70,29
797,TE Connectivity,4.1,1.3k,7.4k,101,123
798,ZF Steering Gear,3.7,1.3k,7.2k,58,5
799,CreditAccess Grameen,4.0,1.3k,2.5k,54,19
800,Hatsun Agro Product,3.8,1.3k,4.7k,83,22
801,Grant Thornton,3.4,1.3k,11.4k,119,286
802,The Ramco Cements,4.0,1.3k,4.2k,371,--
803,RBL FinServe,3.9,1.3k,3k,66,--
804,ManpowerGroup,3.6,1.3k,5.1k,71,209
805,Brillio,3.4,1.3k,10.5k,141,2
806,CenturyPly,3.9,1.3k,4.1k,94,25
807,GEP Worldwide,3.6,1.3k,9.4k,154,7
808,VIBGYOR Group of Schools,3.5,1.3k,4.2k,99,264
809,Shubham Housing Development Finance,3.9,1.3k,2.9k,52,5
810,Spicejet,3.4,1.3k,5.1k,105,1
811,Nippon Paint India,4.0,1.3k,4k,80,--
812,Atul,3.9,1.3k,5.1k,100,2
813,Cinépolis,3.8,1.3k,2.9k,79,7
814,R Systems International,3.5,1.3k,7.5k,149,84
815,OM Logistics,3.9,1.3k,3.8k,91,6
816,Punjab National Bank,3.8,1.3k,3k,61,--
817,Viraj Profiles,4.0,1.3k,4.5k,100,--
818,Decathlon,3.7,1.3k,4.1k,119,2
819,Fabindia,3.7,1.3k,4.1k,61,46
820,Bluestock ™,4.5,1.3k,58,385,--
821,Baroda Global Shared Services,3.8,1.3k,2.9k,128,37
822,Hindustan Construction Company,4.3,1.3k,3.2k,94,5
823,More Supermarket,3.7,1.3k,3.9k,93,36
824,Astral Pipe,3.9,1.3k,4.1k,95,44
825,Mondelez International,4.1,1.3k,4.7k,75,110
826,Pantaloons,4.1,1.3k,3k,69,--
827,Luminous Power Technologies,4.1,1.3k,3.8k,99,25
828,Troikaa Pharmaceuticals,4.0,1.3k,3.8k,113,14
829,Sigma Electric Manufacturing Corporation,4.0,1.3k,2.8k,78,24
830,Jakson Group,4.1,1.3k,3.9k,104,7
831,OpenText Technologies,3.4,1.3k,11.9k,194,19
832,Ion Exchange India,3.7,1.3k,5.1k,97,40
833,NxtWave,3.6,1.3k,3.1k,289,214
834,Panasonic,4.0,1.3k,4.8k,50,19
835,Samsung Research,3.0,1.3k,9.6k,150,3
836,AGS Transact Technologies,2.8,1.3k,3.8k,43,--
837,Globant,3.4,1.3k,10.3k,202,64
838,Vestas,4.1,1.3k,5.4k,99,17
839,NetAmbit,4.0,1.3k,3.1k,162,2
840,SK Finance Limited,3.8,1.3k,3.4k,86,--
841,Centre for Development of Advanced Computing,3.7,1.3k,6.9k,126,--
842,Automotive Manufacturers,3.9,1.3k,5.2k,104,56
843,ICICI Prudential Mutual Fund,3.9,1.3k,5.6k,88,--
844,Tenneco,3.6,1.3k,5.3k,70,7
845,ANZ Banking Group,3.8,1.3k,8.2k,107,19
846,Dell EMC,3.8,1.3k,8.7k,73,1
847,Electronics Corporation of India Limited,4.2,1.2k,3.1k,61,--
848,PNC Infratech,3.8,1.2k,3.5k,83,2
849,Royal Migration Solutions,4.9,1.2k,5,1,--
850,T-Systems ICT India,3.8,1.2k,8.7k,110,7
851,Godrej Consumer Products,4.0,1.2k,4.8k,62,--
852,Jindal X,3.5,1.2k,2.8k,113,2
853,SKF,4.0,1.2k,4.5k,74,48
854,Apex Group,2.7,1.2k,7.9k,181,327
855,Aarvee Associates,3.7,1.2k,3.3k,99,--
856,Fresenius Kabi,4.0,1.2k,4k,57,28
857,Intertek,3.7,1.2k,4k,83,79
858,Oil And Natural Gas Corporation,4.3,1.2k,3.1k,80,--
859,Spandana Sphoorty Financial,3.7,1.2k,2.4k,50,7
860,H.G. Infra Engineering,4.0,1.2k,3.2k,110,--
861,iSON Xperiences,3.2,1.2k,3.3k,79,9
862,Synchrony,4.3,1.2k,5.5k,93,28
863,Mu Sigma,2.4,1.2k,6.8k,250,--
864,Shriram Pistons & Rings,4.0,1.2k,4.5k,75,2
865,KIMS Hospital,3.8,1.2k,3.6k,61,8
866,Zoho,4.2,1.2k,9.8k,582,--
867,Rupeek,4.1,1.2k,3.3k,132,22
868,AIIMS,4.1,1.2k,4.5k,66,--
869,Dassault Systemes,3.7,1.2k,7k,187,--
870,Prodapt,3.5,1.2k,9.7k,117,51
871,Parexel International,3.8,1.2k,5.9k,87,1
872,Wind World,4.0,1.2k,3.3k,88,5
873,Kalpataru Limited,4.2,1.2k,4.4k,266,22
874,Qualcomm,3.7,1.2k,14.7k,297,30
875,Rockman Industries,3.8,1.2k,3.8k,94,17
876,EbixCash Limited,3.7,1.2k,5.1k,110,10
877,PHN Technology,4.3,1.2k,367,42,9
878,Best Sellers,4.1,1.2k,2.9k,32,6
879,DENSO,4.1,1.2k,3.7k,85,1
880,DP World,3.8,1.2k,5k,96,118
881,DLF,4.0,1.2k,4.8k,96,2
882,Diageo,3.8,1.2k,6.3k,92,65
883,Fidelity Investments,4.1,1.2k,8.1k,127,--
884,Kirloskar Oil Engines,4.1,1.2k,4.1k,64,16
885,JTEKT,4.1,1.2k,4.3k,94,4
886,Colliers India,3.9,1.2k,4.8k,93,92
887,Indostar Capital Finance Limited,4.3,1.2k,2k,197,1
888,Ahluwalia Contracts India,4.0,1.2k,3.5k,76,17
889,Fidelity National Financial,3.7,1.2k,6.1k,61,2
890,Intel,4.1,1.2k,9k,242,--
891,ExcelR,3.7,1.2k,1.1k,109,45
892,JK Lakshmi Cement,3.7,1.2k,3.7k,80,--
893,Leadec India,4.1,1.2k,3.5k,152,12
894,Hire In Global,4.9,1.2k,8,258,--
895,Strides Pharma,3.9,1.2k,4.3k,78,--
896,Nielsen,3.1,1.2k,6.6k,155,--
897,Genius HRTech,3.8,1.2k,3.9k,72,--
898,FOCUS EDUMATICS,2.9,1.2k,3k,126,--
899,ACG Worldwide,3.8,1.2k,3.9k,86,77
900,Baazar Retail Private Limited,4.5,1.2k,1.5k,84,--
901,Thyrocare Technologies,3.7,1.2k,4.3k,87,24
902,Coca-Cola Company,4.0,1.2k,3.3k,106,3
903,Electronica Finance,4.1,1.2k,2.8k,141,20
904,Barclays Shared Services,3.8,1.2k,4.8k,38,908
905,Salesforce,3.9,1.2k,13.5k,249,318
906,The Jaypee Group,3.8,1.2k,3.4k,51,3
907,Innova Solutions,3.3,1.2k,8k,100,91
908,Zetwerk,4.0,1.2k,4.1k,115,37
909,PayPal,3.7,1.2k,9.9k,242,--
910,Federal Bank,3.6,1.2k,5.8k,120,--
911,HFCL Limited,3.7,1.2k,4.2k,84,3
912,Sri Chaitanya Techno Schools,3.5,1.1k,3.6k,74,--
913,Johnson Lifts,3.9,1.1k,3.7k,48,12
914,Ocwen Financial Solutions,3.9,1.1k,4.4k,53,26
915,DISH TV,3.4,1.1k,3.3k,76,15
916,Apollo Health and Lifestyle Limited,4.3,1.1k,3.4k,118,49
917,Podar International School,4.1,1.1k,3.2k,81,5
918,Meril,3.6,1.1k,4.9k,88,24
919,Aparna Constructions and Estates,3.9,1.1k,4k,113,57
920,Schaeffler India,4.0,1.1k,5.6k,64,8
921,Xyz Company,3.8,1.1k,45.5k,529,--
922,Birla Corporation,4.1,1.1k,3.6k,74,13
923,Edelweiss,3.6,1.1k,5.6k,63,--
924,Aptiv,3.4,1.1k,8.2k,123,4
925,Nilkamal,3.7,1.1k,3.7k,82,22
926,MDIndia Health Insurance TPA,3.6,1.1k,3.7k,70,45
927,Prism Johnson,3.6,1.1k,4.5k,69,19
928,Indira IVF Hospital,3.9,1.1k,3k,77,42
929,Dhoot Transmission,3.7,1.1k,3.9k,68,13
930,CaratLane - A Tata Product,4.0,1.1k,3k,68,11
931,Bajaj Motors,3.9,1.1k,3.4k,69,13
932,London Stock Exchange Group,3.7,1.1k,10.8k,157,2
933,Biocon Biologics,3.7,1.1k,6.8k,109,3
934,Imperial Auto Industries,3.8,1.1k,4.8k,79,17
935,Balkrishna Industries,4.0,1.1k,4.1k,66,11
936,Motilal Oswal Home Finance,4.3,1.1k,1.4k,126,--
937,Edelweiss Life Insurance,3.7,1.1k,3.6k,59,40
938,INDO-MIM,4.0,1.1k,4.3k,78,6
939,Deccan Fine Chemicals,3.6,1.1k,5k,106,10
940,Barbeque Nation,3.9,1.1k,2.7k,50,19
941,Piaggio,3.6,1.1k,3.8k,72,41
942,ICON Plc,4.0,1.1k,4.4k,138,143
943,Jacobs Engineering Group,4.2,1.1k,5.1k,91,12
944,Wistron,4.0,1.1k,5.1k,93,--
945,Kohler,3.7,1.1k,5k,76,3
946,Jabil Circuit India,4.0,1.1k,4.3k,66,66
947,Onward Technologies Inc,2.9,1.1k,6.1k,93,39
948,Navitasys India,4.1,1.1k,2.7k,143,5
949,Wonder Home Finance,4.6,1.1k,743,192,5
950,Advantmed,4.1,1.1k,2.7k,170,34
951,V2 Retail,3.3,1.1k,2.6k,86,46
952,IIFL Home Finance,3.8,1.1k,2.9k,57,1.6k
953,Unicharm,3.9,1.1k,2.9k,65,3
954,Saipem,4.2,1.1k,3.3k,54,16
955,Hyundai Mobis,3.7,1.1k,5.1k,80,13
956,Asirvad Microfinance,3.8,1.1k,2.2k,47,--
957,Sundaram Finance,3.9,1.1k,3k,45,9
958,TK Elevator,3.8,1.1k,4.2k,66,13
959,Air India Sats Airport Services,3.6,1.1k,2.5k,67,1
960,VMware Software,4.4,1.1k,9k,145,17
961,Hikal,3.8,1.1k,4.7k,76,64
962,Sri Chaitanya Educational Institutions,3.7,1.1k,3k,52,2
963,Stanza Living,3.0,1.1k,3.6k,97,8
964,Zydus Wellness,4.1,1.1k,2.7k,105,21
965,MAHLE ANAND Filter Systems,4.0,1.1k,3.4k,42,--
966,Svatantra Microfin,3.9,1.1k,2.1k,45,7
967,Kirloskar Brothers,3.8,1.1k,4.4k,93,55
968,CALIBEHR,4.0,1.1k,2.7k,69,14
969,Syngenta,4.2,1.1k,3.7k,81,29
970,MG Motor,3.8,1.1k,4.7k,79,5
971,Aarvi Encon,3.9,1.1k,2.9k,82,--
972,Jet Airways,4.6,1.1k,1.9k,24,--
973,Godrej Agrovet,3.9,1.1k,3.4k,63,2
974,GAIL,4.4,1.1k,3.2k,80,--
975,Tube Investments of India,3.8,1.1k,3.6k,70,25
976,Northcorp Software,4.8,1.1k,216,854,5
977,Metropolis Healthcare,3.9,1.1k,3.6k,67,--
978,Adani Ports and SEZ,3.6,1.1k,3.9k,75,--
979,Vedanta Aluminium,3.8,1.1k,4.5k,66,--
980,HPCL-Mittal Energy Limited,4.3,1.1k,4.6k,46,--
981,Knorr-Bremse,3.3,1.1k,5k,70,4
982,Gmmco,4.0,1.1k,2.9k,52,6
983,Amazon Sellers Services,4.0,1.1k,2.5k,132,--
984,Vayona Energy,4.0,1.1k,5k,60,7
985,Power Grid Corporation of India,4.3,1.1k,2.1k,76,--
986,Nexa,4.0,1.1k,2.2k,41,--
987,1point1 Solutions,3.3,1.1k,3.1k,83,70
988,TKIL,4.1,1.1k,4.5k,74,5
989,Tata Capital Housing Finance,3.9,1.1k,3.2k,50,--
990,Pernod Ricard,3.5,1.1k,4.4k,62,7
991,Klm Axiva Finvest,4.4,1.1k,768,438,4
992,Unity Small Finance Bank,3.6,1.1k,4.1k,78,31
993,Bajaj Capital Insurance Broking Limited,4.4,1.1k,1.3k,227,43
994,Zf Rane Automotive,3.9,1k,3.9k,65,7
995,Dana Anand,4.0,1k,2.9k,54,--
996,Bharat Sanchar Nigam,3.9,1k,2.6k,47,--
997,Spencer's Retail,3.8,1k,2.8k,66,6
998,Thermo Fisher Scientific,3.7,1k,6.6k,107,210
999,Aspire Systems,3.8,1k,9.8k,129,37
1000,Greenko Group,3.9,1k,3.7k,71,3
1001,Hindustan Zinc,3.8,1k,4.3k,54,8
1002,Kinara Capital,4.2,1k,2.2k,93,36
1003,GlobalData,3.3,1k,5.6k,93,33
1004,Nippon Life India Asset Management,4.6,1k,1.6k,158,99
1005,Gharda Chemicals Limited,4.0,1k,4.6k,82,66
1006,SLMG Beverages,3.9,1k,3.3k,67,9
1007,Fractal Analytics,4.0,1k,10.8k,228,187
1008,Wheels,3.9,1k,5.2k,72,--
1009,ValueMomentum,3.2,1k,8.8k,95,12
1010,Netcracker Technology,3.0,1k,9.2k,143,--
1011,Hinduja Housing Finance,3.7,1k,2.7k,48,31
1012,Lakshmi Machine Works,3.8,1k,4.3k,60,44
1013,Malabar Gold and Diamonds,4.1,1k,2.6k,100,65
1014,BirlaNu,3.9,1k,2.9k,74,32
1015,TÜV NORD,3.7,1k,4k,77,31
1016,Ceasefire Industries,3.1,1k,2.4k,121,8
1017,Allianz Technology,4.0,1k,6.8k,72,9
1018,Crompton Greaves Consumer Electricals,3.7,1k,4.2k,57,39
1019,Encora,3.4,1k,8.2k,112,20
1020,Uber,4.1,1k,8.4k,173,2
1021,Hitachi Energy,4.1,1k,7.4k,119,676
1022,Otis Elevator,4.1,1k,4.1k,64,129
1023,Amara Raja Group,4.1,1k,3.5k,75,--
1024,Shyam Steel Group,3.5,1k,3.6k,84,12
1025,iQor Global Services,3.3,1k,2.6k,47,43
1026,Vistaar Finance,3.9,1k,2k,34,21
1027,Sahara India Pariwar,3.8,1k,2.5k,29,--
1028,Vertiv,3.9,1k,4.5k,58,102
1029,NBC Bearings,3.9,1k,3.7k,110,4
1030,ALLEN Career Institute,3.8,1k,4.3k,72,43
1031,SYSKA LED Lights,2.9,1k,2.5k,58,--
1032,IB Group,3.7,1k,3.3k,79,2
1033,GVPR Engineers,3.8,1k,3k,72,13
1034,Suzuki Motorcycle,4.0,1k,3.9k,51,--
1035,QX Global Group,3.1,1k,4.4k,148,39
1036,Incheon Motors,4.7,1k,332,297,7
1037,Lemon Tree Hotels,4.0,1k,2.7k,62,1
1038,SitusAMC,3.2,1k,5.4k,72,2
1039,Temenos,3.1,1k,8.8k,96,9
1040,MakeMyTrip,3.4,1k,7.3k,141,14
1041,Atlas Copco,4.1,1k,5.3k,99,4
1042,Innodata India Private Limited,3.5,1k,2.8k,101,49
1043,Perfetti Van Melle,4.2,1k,2.8k,37,23
1044,Hitachi Payment Services,3.6,1k,3.4k,54,--
1045,Fortrea Development India Private Limited,3.9,1k,4.9k,87,56
1046,Visionet Systems,3.4,1k,5.9k,79,27
1047,TradeIndia (Infocom Network Private Limited),3.4,1k,4.3k,86,46
1048,Secure Meters,3.9,1k,4.5k,83,33
1049,Tata Cummins,4.4,1k,1.4k,87,--
1050,eClinicalWorks,3.6,1k,4.9k,78,7
1051,United Breweries,3.3,1k,3.4k,55,39
1052,Syrma SGS Technologies,4.0,1k,3.4k,71,5
1053,Bounteous x Accolite,3.2,1k,8.2k,245,155
1054,Thomas Cook,4.0,998,3.7k,92,--
1055,AstraZeneca,3.9,998,7.3k,68,4
1056,Westside,3.8,998,2k,56,--
1057,Colgate Palmolive,4.0,998,4.3k,85,24
1058,Škoda Auto Volkswagen,4.0,995,4.6k,48,13
1059,Comviva Technology,2.9,995,6.1k,85,183
1060,MasterCard,3.8,993,12.1k,169,521
1061,Pristyn Care,3.2,993,4.2k,84,8
1062,Vaco Binary Semantics,3.1,993,5.3k,95,46
1063,CarDekho Group,3.6,992,5k,86,38
1064,Cult.fit,3.6,991,4.1k,81,149
1065,Collins Aerospace,3.8,991,7.6k,85,10
1066,JW Marriott,4.2,990,2k,49,--
1067,Amazon Web Services,3.8,990,6.6k,193,--
1068,Mastek,3.6,989,6.5k,132,19
1069,Star Cement,4.0,989,3.2k,86,4
1070,Siemens Energy,4.1,986,5.8k,100,--
1071,Xebia,3.0,985,6.3k,95,26
1072,Rebel Foods,3.7,985,3.4k,75,22
1073,Arohan Financial Services,3.9,984,2.1k,40,12
1074,Pizza Hut,4.0,983,2.1k,50,--
1075,BDR Pharmaceuticals International,4.1,983,2k,145,20
1076,Everest Industries,3.8,982,3.2k,60,2
1077,C&S Electric,3.9,982,3.7k,66,19
1078,Aparajitha Corporate Services,3.8,983,3k,52,34
1079,Mahindra Automotives,3.9,982,5k,48,--
1080,Softenger,4.0,979,2.6k,73,6
1081,Tiger Analytics,3.7,975,9.6k,253,53
1082,Capacit'e Infraprojects,3.7,975,3.3k,76,15
1083,Merino Industries,3.8,972,3.4k,76,4
1084,Altisource,3.4,971,3.6k,45,30
1085,Lumina Datamatics,3.2,971,4.6k,64,53
1086,Natco Pharma,4.0,970,3.5k,55,--
1087,Barclays Global Service Centre,3.9,970,8k,101,--
1088,J B Chemicals And Pharmaceuticals,3.9,970,3.3k,61,8
1089,Entain,3.6,971,7.3k,141,--
1090,VIP Industries,3.7,969,3k,51,26
1091,TechnipFMC,3.9,969,4.9k,83,53
1092,Wonder Cement,4.2,969,3.6k,62,51
1093,Skipper,3.8,969,3.1k,77,9
1094,Quantiphi Analytics Solutions Private Limited,3.1,968,7.4k,206,53
1095,Birla Opus,4.0,971,2.2k,93,--
1096,Napino Auto & Electronics,3.8,967,3.9k,67,1
1097,Hiranandani Financial Services,4.4,967,1k,206,47
1098,Kendriya Vidyalaya Sangathan,4.3,966,1.6k,64,--
1099,JSW Group,3.8,966,4.3k,130,--
1100,JSW Group,3.8,966,4.3k,130,--
1101,General Mills,4.1,965,5.1k,83,4
1102,Technip Energies,4.1,964,5.1k,92,27
1103,Yokohama Off-Highway Tires,3.7,965,4.1k,71,15
1104,Pricol,3.9,963,4.3k,54,13
1105,LOREAL,3.8,964,3.8k,66,48
1106,Financial Software & Systems,3.6,961,5.2k,74,10
1107,Jyothy Labs,4.1,959,2.1k,54,32
1108,Nasser S. Al Hajri Corporation,3.6,958,1.8k,41,--
1109,Gannon Dunkerley & Co.,3.4,958,2k,44,1
1110,VeeTechnologies,3.9,957,4.4k,114,25
1111,National Payments Corporation of India,4.0,957,4.2k,102,30
1112,Marsh McLennan,3.8,956,8.2k,51,--
1113,Salcomp Manufacturing,4.0,956,4.4k,87,5
1114,Defence Research & Development Organisation,4.5,955,3.9k,78,--
1115,Shriram General Insurance,3.6,955,2.9k,41,24
1116,Guidehouse,3.6,954,5.6k,78,105
1117,Episource,3.9,952,3.2k,227,--
1118,Astral Adhesives,3.9,951,2.5k,54,--
1119,Mando Automotive,4.0,951,4.3k,55,--
1120,KEI Industries,4.2,949,3.2k,69,4
1121,Petrofac,4.2,949,2.4k,47,7
1122,Jubilant Pharmova,3.7,946,3.4k,62,15
1123,Pramerica Life Insurance,3.6,945,2.4k,42,28
1124,ICCS,3.0,943,2.9k,65,16
1125,Psp Projects,3.9,942,3k,76,15
1126,SFO Technologies,3.4,942,4.7k,47,49
1127,Amphenol Interconnect,4.2,941,3.7k,51,11
1128,Motherson Sumi Wiring,3.7,943,3.8k,98,--
1129,Tikona Infinet,3.4,940,2.7k,33,4
1130,Adani Enterprises,3.7,940,4.6k,105,6
1131,Reliance Power,4.1,940,3.2k,63,5
1132,Hathway,3.3,938,3.5k,48,7
1133,Velocis Systems,3.8,937,5.2k,67,20
1134,Signify,3.4,937,4.4k,63,25
1135,Aristo Pharmaceuticals,4.0,936,2.4k,53,8
1136,KMV Projects Limited,4.2,934,2.2k,62,2
1137,Naukri,4.1,934,3.2k,223,77
1138,Xceedance,3.6,933,6.3k,132,13
1139,Timken,3.9,933,4.2k,58,1
1140,Jaro Education,3.2,933,2.3k,110,49
1141,FLSmidth,3.6,933,4.2k,46,20
1142,Cohance Lifesciences,3.8,931,3.1k,42,10
1143,Navayuga Engineering Company,3.9,931,2.4k,63,11
1144,Knight Frank,4.1,930,3.3k,59,3
1145,Bhanzu,3.8,930,1.2k,191,1
1146,Aircel,4.4,929,1.2k,9,--
1147,Godfrey Phillips India,4.0,927,3.2k,42,4
1148,Bayer,4.1,925,4.3k,59,--
1149,Test Yantra Software Solutions,3.0,923,25.7k,149,10
1150,Tafe Motors & Tractors,3.9,920,2.9k,59,--
1151,Apotex Research,3.8,920,2.8k,37,29
1152,Volvo,4.0,919,5.5k,81,5
1153,Sundaram Clayton,3.9,917,2.8k,34,6
1154,CIEL HR,3.9,916,3.1k,72,--
1155,Sandhar Technologies,3.7,916,3.5k,56,39
1156,GE Healthcare,3.9,915,6k,86,5
1157,Netscribes,2.7,914,3k,94,42
1158,Deepak Fertilisers and Petrochemicals,4.1,914,3.4k,48,19
1159,Nityo Infotech,3.3,913,5k,99,43
1160,Medha Servo Drives,4.2,913,3.1k,92,13
1161,Nirma,4.2,912,3.1k,54,26
1162,Neel Metal Products,4.0,910,2.7k,56,--
1163,Medhaj Techno Concept,4.0,911,2k,59,4
1164,HomeLane,3.2,910,4.2k,95,101
1165,Experis IT,3.0,909,3.7k,68,1
1166,Steag Energy Services,4.3,909,2.7k,50,8
1167,Intellipaat Software Solutions,3.9,908,1.9k,202,--
1168,OCS Group,4.1,908,2.6k,59,13
1169,Schlumberger,3.8,907,5.4k,156,65
1170,SKH Metals,4.0,907,2.8k,80,7
1171,LanceSoft,3.2,907,5.4k,70,7
1172,Target,4.0,905,6.9k,139,100
1173,Egis India Consulting Engineers,4.2,905,2.3k,57,6
1174,Aviva Life Insurance India,3.5,904,2.6k,36,27
1175,JSW Paints,3.8,904,3.4k,101,1
1176,Yashoda Hospitals,3.9,903,3.4k,68,20
1177,Alok Industries,3.5,901,3.3k,50,13
1178,HT Media,3.1,901,4.7k,61,1
1179,Re Sustainability Limited,3.8,900,3k,59,46
1180,Bosch Chassis Systems,4.1,899,2.7k,46,--
1181,"Commonwealth Bank of Australia, India",2.8,898,7.7k,113,2
1182,Ashirvad Pipes,3.8,898,2.9k,69,18
1183,Michelin,3.7,895,5k,66,26
1184,Volkswagen,4.2,895,3k,53,--
1185,AJIO,3.6,894,2.6k,65,--
1186,Orient Electric,3.7,893,3.3k,64,13
1187,Musashi Auto Parts,3.8,893,2.9k,43,--
1188,Regulated Council of Immigration Consultants,4.9,893,--,--,--
1189,Updater Services,3.7,892,2.9k,48,20
1190,Vijay Sales,4.1,891,2.7k,66,7
1191,Vedanta Resources,3.7,890,5k,94,4
1192,BGR Energy Systems,3.8,888,3.2k,47,--
1193,Greenlam Industries,4.1,884,3.2k,63,20
1194,TNQ Tech Private Limited,3.5,884,4k,66,18
1195,Marks & Spencer,3.9,884,3.1k,36,115
1196,Sona Comstar,4.0,883,3.9k,79,6
1197,Tata Chemicals,3.9,883,2.8k,77,4
1198,Wakefit,4.0,883,3k,81,23
1199,M3M India,4.0,882,3.3k,65,--
1200,FastInfo,4.1,884,888,89,--
1201,ACL Digital,3.6,880,6.5k,91,92
1202,RAMTeCH Software Solutions,3.7,880,3.4k,46,6
1203,MAS Financial Services,3.7,880,2.2k,55,62
1204,Carborundum Universal Limited,3.7,878,3.5k,38,--
1205,Centum Electronics,3.5,875,3.7k,30,15
1206,C.R.I. Pumps,3.9,872,2.7k,34,15
1207,Apar Industries,4.1,869,3.4k,60,2
1208,Athena BPO,3.3,869,2.8k,57,--
1209,H&M,3.8,869,3.2k,119,45
1210,Zudio,3.9,869,1.9k,54,--
1211,Acme Cleantech Solutions,4.0,870,2.6k,83,24
1212,Tata Starbucks,4.1,868,1.9k,62,388
1213,WSP,4.2,870,3.9k,108,42
1214,Next Education India,3.2,868,2.7k,50,55
1215,Magna International,3.8,867,5.6k,54,49
1216,National Health Mission,3.4,866,2.3k,35,--
1217,Future Focus Infotech,3.4,866,4.2k,58,--
1218,Satya MicroCapital,3.7,866,2.1k,68,4
1219,IDEMIA,3.8,864,3.8k,61,11
1220,Torry Harris Integration Solutions,4.2,864,4.6k,190,21
1221,Nibav Lifts,4.0,864,1.7k,103,149
1222,Ageas Federal Life Insurance,3.5,863,2.3k,57,13
1223,Silaris Informations,3.0,863,2.9k,60,--
1224,Epsilon,3.6,863,7.3k,105,89
1225,Parekh Integrated Services,4.1,862,2.7k,42,15
1226,Shilpa Medicare,3.4,862,3.9k,64,6
1227,Panacea Biotec,3.6,862,2.8k,67,29
1228,Bechtel,3.9,862,3.7k,74,25
1229,Wipro PARI,3.2,860,3.6k,64,24
1230,Parag Milk Foods,4.0,859,2.5k,81,1
1231,Precision Infomatic M Pvt Ltd,3.8,859,2.8k,56,12
1232,Ups Logistics,3.6,857,4.4k,85,171
1233,Truhome Finance,3.7,857,2.6k,61,35
1234,MOURI Tech,3.6,857,6.3k,75,125
1235,Ather Energy,4.1,856,4.5k,75,10
1236,Nlb Services,3.6,855,3.2k,35,2
1237,Fedbank Financial Services,4.0,855,3.1k,46,7
1238,LEAD School,3.2,854,3.1k,95,--
1239,Tata Hitachi Construction Machinery,4.0,853,3k,66,12
1240,Jaya Hind Industries,3.7,853,2.7k,64,2
1241,Alorica,3.0,853,3.1k,92,61
1242,Porter,3.5,851,3.8k,103,115
1243,Serco,4.2,851,1.2k,33,--
1244,Impact Infotech Pvt. Ltd.,3.4,851,2.7k,58,--
1245,Rico Auto Industries,3.8,851,3.5k,60,12
1246,India Shelter Finance Corporation,3.9,851,2.3k,36,5
1247,Swaraj Tractors,4.0,850,2.9k,40,--
1248,Shaktiman Tirth Agro Technology,3.9,850,3k,64,1
1249,Mahindra First Choice Wheels,3.8,848,3k,41,8
1250,Bank of India,3.9,848,2.7k,56,--
1251,Rohan Builders,4.1,847,2.3k,61,74
1252,Tata Power Solar,4.1,846,3.2k,85,--
1253,KGISL,3.0,846,5.3k,93,39
1254,Mahindra Tractors,4.1,844,2.6k,56,--
1255,Nexdigm,3.7,844,3.3k,69,42
1256,Casagrand,3.8,842,4.2k,74,69
1257,enGen Global,3.9,842,5.7k,75,43
1258,Clarivate,3.7,839,6.6k,95,78
1259,Sanden Vikas,3.9,838,2.7k,58,9
1260,Duck Creek Technologies,4.5,837,1.3k,87,19
1261,Union Bank of India,3.8,837,2.7k,39,--
1262,Guardian India,3.8,837,4.5k,63,--
1263,Arvind Lifestyle Brands,4.0,836,1.9k,21,40
1264,Consolidated Contractors,4.3,836,1.3k,38,--
1265,AuthBridge Research Services,3.2,835,3.1k,51,5
1266,Fareportal,3.1,835,3.5k,46,21
1267,Royal Sundaram General Insurance,3.8,837,2.9k,24,15
1268,HP India,3.8,834,5.8k,164,3
1269,Sutherland Healthcare Solutions,3.7,834,4k,49,--
1270,Metso,4.1,835,3.2k,82,3
1271,Victora Auto Private Limited,4.0,833,3.3k,48,--
1272,FIITJEE,3.2,832,2k,56,--
1273,Feedback Infrastructure Services,3.4,830,2.4k,47,4
1274,IBS Software Services,3.5,829,6.6k,120,46
1275,Lumen Technologies,4.0,827,3.9k,55,4
1276,Greaves Cotton,4.0,827,3k,31,9
1277,Medusind Solutions,3.4,826,3k,36,28
1278,Luxoft,3.6,826,5.2k,138,427
1279,Forever Living Products,4.3,825,1.6k,76,--
1280,Forever Living Products,4.3,825,1.6k,76,--
1281,Ford Business Solutions,4.1,826,4.1k,54,9
1282,Eris Lifesciences,3.6,824,2.4k,45,10
1283,Punj Lloyd,3.9,823,1.6k,20,--
1284,Rockwell Automation,3.7,823,5.7k,88,400
1285,Freshworks,3.4,822,7.2k,182,15
1286,Baxter International,3.8,822,3.7k,53,38
1287,Teamware Solutions,4.2,820,3.2k,71,--
1288,Poly Medicure,3.5,820,2.9k,79,24
1289,Ramco Systems,3.8,820,5.3k,73,--
1290,Artech Infosystems,3.3,819,3.9k,83,--
1291,Bpo Convergence,3.4,819,2.1k,67,7
1292,Rodic Consultants,4.2,816,1.9k,45,12
1293,RR kabel,4.1,815,2.8k,71,3
1294,Integra Software Services,3.7,814,3.1k,41,12
1295,Y-Axis Overseas Careers,4.2,813,1.4k,151,22
1296,Sunbeam Auto,3.9,813,2.9k,54,--
1297,Huhtamaki,3.9,813,2.7k,27,10
1298,eTeam,3.2,813,3.6k,53,--
1299,DBG Technology,3.7,813,2.2k,87,--
1300,DBG Technology,3.7,813,2.2k,87,--
1301,Rashmi Group,3.5,812,3.2k,54,2
1302,BDO,3.2,812,5.7k,58,1
1303,Five-Star Business Finance,4.1,812,2k,31,3
1304,Zydus Healthcare,4.0,809,2.2k,70,--
1305,Advik Hi Tech,3.7,808,3.1k,59,5
1306,Linde India,3.9,807,3.7k,58,--
1307,Syneos Health,3.6,807,3.6k,61,193
1308,K Raheja Corp,4.2,805,3.1k,72,47
1309,Bill Gosling Outsourcing India,3.5,804,2.9k,51,57
1310,Principal Global Services,3.6,804,6k,86,26
1311,Vijaya Diagnostic Centre,3.8,803,2.2k,46,23
1312,Prama Hikvision India,3.6,803,3.1k,67,10
1313,Investors Clinic,3.6,802,1.6k,75,18
1314,Waaree Energies,4.0,802,3.4k,74,17
1315,Border Security Force,4.4,801,1.4k,17,--
1316,JK Paper,3.9,802,2.8k,65,19
1317,Simplilearn,3.4,800,4.5k,124,31
1318,Eveready Industries,3.9,800,2.5k,44,5
1319,Hitachi,3.9,800,4.7k,96,33
1320,Hitachi,3.9,800,4.7k,96,33
1321,Praj Industries,4.0,799,3.3k,43,2
1322,Intex Technologies,3.7,799,1.5k,18,5
1323,PUMA,4.1,798,2.5k,71,11
1324,Fluor Corporation,4.1,798,1.8k,32,108
1325,Wipro Consumer Care & Lighting,3.7,795,3.7k,76,11
1326,Zidio Development,4.4,795,105,173,--
1327,Prince Pipes & Fittings,4.2,794,2.5k,54,12
1328,Novac Technology Solutions,3.6,793,5.4k,76,38
1329,Amber Enterprises India,3.9,793,2.9k,60,12
1330,Vastu Housing Finance,4.2,796,2.1k,57,8
1331,IFFCO,4.1,793,1.9k,55,--
1332,Shivalik Small Finance Bank,4.1,792,1.7k,87,13
1333,RenewBuy,3.3,792,2.9k,62,--
1334,Chennai Radha Engineering Works,3.9,792,2.3k,38,7
1335,Rallis India,4.0,791,2.5k,45,13
1336,THE LEELA PALACES HOTELS & RESORTS,4.0,791,2.3k,40,--
1337,Zuventus Healthcare,3.8,792,2.2k,62,6
1338,Franklin Templeton Investments,3.9,790,3.9k,32,20
1339,Credence Resource Management,3.0,789,3.3k,36,31
1340,Ramkrishna Forgings,3.4,788,3k,66,2
1341,Reliance BP Mobility,3.6,788,2.8k,76,29
1342,Indo Autotech,3.9,787,2.8k,52,--
1343,Cigniti Technologies,3.8,787,6.8k,86,--
1344,Engineers India,4.2,787,3.4k,90,10
1345,Skill Lync,3.1,786,3.5k,92,--
1346,Dineshchandra R. Agrawal Infracon,4.0,789,2.5k,59,22
1347,Maveric Systems,3.3,786,7.4k,132,3
1348,Aequs,3.4,786,3.5k,55,16
1349,Microtek International,3.7,786,2.7k,53,4
1350,AISIN,4.1,785,2.7k,57,8
1351,Somany Ceramics,4.2,784,2.7k,27,16
1352,Edubridge Learning,3.9,784,1.3k,67,13
1353,Travel Food Services Ltd,4.1,784,2.1k,47,1
1354,Nippon Koei India,4.8,784,1.2k,165,10
1355,Jai Balaji Group,3.2,783,3.1k,54,--
1356,NTT,3.8,782,4.9k,69,--
1357,Careernet,3.6,782,4.6k,48,--
1358,Progressive Infotech,3.3,781,2.7k,43,9
1359,Ugro Capital,3.7,781,2.8k,46,15
1360,Pratap Technocrats,3.7,780,1.9k,35,5
1361,Action Construction Equipment,3.7,779,2.8k,73,1
1362,Allied Digital Services,3.1,779,3.3k,68,9
1363,Radical Minds,2.9,779,2.7k,66,15
1364,Denave,3.5,778,2.8k,46,15
1365,Lenovo,4.0,778,4k,57,7
1366,Universal Sompo General Insurance,4.4,778,2.2k,149,4
1367,Petpooja,4.0,778,1.6k,87,34
1368,Ask Automotive,4.2,779,3k,37,--
1369,Reliance Smart,4.1,777,2.2k,35,--
1370,First Advantage,3.5,777,4.7k,32,73
1371,Axtria,2.8,777,7.4k,135,127
1372,Toyo Engineering,4.0,775,3.6k,61,1
1373,Hitachi Digital Services,3.5,775,2.2k,69,196
1374,Creative Synergies Group,3.9,775,2.3k,30,15
1375,Lea Associates South Asia,4.3,775,1.9k,33,--
1376,Hilti,3.4,774,3.5k,72,17
1377,People Tech Group,2.3,773,5.3k,85,31
1378,Fleetguard Filters Private Limited,4.3,771,2.7k,52,15
1379,Creambell,3.9,771,2.1k,44,2
1380,Bses Rajdhani Power,3.8,770,2.7k,58,1
1381,JioStar,3.5,768,4.7k,64,292
1382,Ksb Pumps,3.8,768,3.3k,56,94
1383,Fidelity International,3.6,767,5.7k,60,68
1384,Assystem,3.2,767,2.1k,50,140
1385,Quatrro Business Support Services,3.3,766,2.6k,60,1
1386,JM Financial,3.8,766,3.8k,60,1
1387,Wipro Infrastructure Engineering,3.7,766,3.9k,63,16
1388,Alivus Life Sciences,3.8,765,4.1k,42,2
1389,Forvia Hella,3.8,764,3.4k,51,95
1390,Ascendion,3.3,765,3.8k,121,137
1391,Bunge India,3.9,762,3.1k,50,246
1392,BNP Paribas India Solutions,3.6,762,6.4k,79,--
1393,Neurealm,3.4,762,6.4k,101,124
1394,VA Tech Wabag,3.8,762,2.9k,59,16
1395,Amadeus,3.7,762,7.2k,127,9
1396,Times Internet,3.5,761,5.5k,73,12
1397,McDermott International,4.2,761,3.5k,64,51
1398,Dunzo,3.5,760,3.2k,71,--
1399,ManipalCigna Health Insurance,3.8,759,2.9k,44,120
1400,Better.com,3.0,759,3.9k,56,17
1401,Central Industrial Security Force,4.3,762,1.8k,24,--
1402,India Japan Lighting,4.1,759,2.6k,66,6
1403,Zee Entertainment Enterprises,3.4,758,4.4k,55,45
1404,Wapcos,3.2,758,2.3k,40,--
1405,Samsung E&A,3.9,758,2.3k,72,--
1406,Wabtec,3.9,760,4k,62,4
1407,HSBC Software Development,4.1,756,8.1k,27,--
1408,Brane Enterprises,2.1,756,3.4k,150,--
1409,National Informatics Centre,3.9,757,4.1k,42,--
1410,1 India Family Mart,4.6,754,1.5k,39,8
1411,Padget Electronics,3.8,754,2.7k,80,--
1412,Celebal Technologies,3.0,753,4.4k,140,24
1413,Patel Infrastructure Limited,4.2,753,2.1k,51,12
1414,CADD Centre Training Services,4.0,753,2k,38,7
1415,Ameriprise Financial,3.7,752,5.1k,74,3
1416,BCD Travel,4.3,752,1.7k,148,36
1417,TO THE NEW,3.6,751,5.7k,154,30
1418,Orion Edutech,3.1,751,1.4k,23,--
1419,Vaaman Engineers,3.8,752,2.2k,72,21
1420,CMS Computers Limited (INDIA),3.6,750,3.2k,42,1
1421,Finolex Cables,3.7,750,2.6k,44,21
1422,Protiviti,3.0,750,5.2k,73,--
1423,Sharda Motor Industries,3.7,749,2.8k,53,33
1424,Veradigm,3.7,748,3.6k,43,51
1425,Exicom,4.0,747,3k,58,6
1426,Hapag-Lloyd,3.8,747,3.1k,30,9
1427,Livguard,3.9,746,2.3k,45,--
1428,Galfar,3.9,745,1.9k,32,--
1429,Religare,3.6,745,2.5k,34,12
1430,Steel Authority Of India,4.0,745,2.2k,47,--
1431,Integreon,3.2,744,4.1k,57,34
1432,Primus Global Technologies,3.7,743,3.1k,24,2
1433,India Cements,3.9,743,2.6k,52,8
1434,SLK Global Services,4.0,743,2.6k,34,--
1435,Bitwise Solutions,3.7,742,4.4k,57,8
1436,Transrail Lighting,4.0,742,2.6k,59,--
1437,UnitedLex,2.7,742,3.6k,72,37
1438,EMERSON PROCESS MANAGEMENT,4.1,741,4.5k,66,--
1439,ESL Steel,3.8,741,2.1k,37,--
1440,Neuland Laboratories,4.0,741,2.9k,53,13
1441,Mswipe Technologies,3.2,740,2.3k,35,5
1442,Mott MacDonald,4.0,740,2.7k,57,192
1443,LifeCell International,3.3,740,2.8k,52,54
1444,Google Operations Center,3.6,739,3.8k,101,--
1445,Greenply,3.8,738,2.4k,57,16
1446,Stellantis,3.4,738,5k,65,1
1447,OLX India,3.7,738,3.2k,68,6
1448,Care Hospital,4.1,737,2.1k,34,62
1449,Isuzu Motors,4.1,737,2.9k,56,1
1450,Mindsprint,3.6,737,4.2k,70,24
1451,Smollan Group,3.9,735,1.8k,48,20
1452,ASG Eye Hospital,3.5,735,1.7k,62,123
1453,Boeing,3.8,734,6.9k,102,32
1454,Indusind Marketing & Financial Services,3.6,734,1.6k,32,--
1455,Deepak Nitrite,3.9,734,3.1k,52,24
1456,Sun Life Financial,3.8,734,4.2k,53,148
1457,Aurigo Software Technologies,4.6,734,1k,36,19
1458,GirnarSoft,3.6,733,3.3k,35,6
1459,Writer Information Management Services,3.1,735,2.7k,39,--
1460,Adidas,3.9,732,3.8k,83,35
1461,Rackspace,3.7,732,4.5k,84,18
1462,Electrosteel Casting,3.6,730,2.8k,57,--
1463,The Akshaya Patra Foundation,4.4,730,1.9k,61,12
1464,Vertex Customer Solutions,3.5,730,1.1k,15,--
1465,Redcliffe Labs,4.0,729,1.8k,67,12
1466,V-Trans,3.8,727,1.9k,34,--
1467,RITES,3.9,727,2.5k,39,1
1468,Lavender Technology,4.9,724,19,4,--
1469,Volkswagen Group Technology Solution,3.9,724,4.7k,80,106
1470,McKinsey & Company,3.8,723,8.5k,248,7
1471,Delta Electronics,3.9,723,3.6k,65,10
1472,Evision Technoserve,4.7,722,214,303,--
1473,LG Soft India,2.8,722,4.6k,112,4
1474,Ag Industries,3.9,721,2.8k,56,10
1475,DuPont,4.2,721,3k,45,13
1476,Expleo Solutions,3.5,721,4.8k,74,--
1477,B. G. Shirke Construction Technology,4.2,721,2.7k,43,9
1478,BDO India LLP,3.2,721,3.8k,90,101
1479,ffreedom app,3.5,720,1.5k,64,--
1480,AI Airport Services,3.3,719,1.6k,46,--
1481,Molex,3.9,719,3.9k,70,3
1482,Nvidia,3.5,719,5.3k,131,220
1483,Sterlite Power,4.1,721,3.2k,38,41
1484,Koch Business Solutions,3.1,718,5.1k,68,1
1485,Mitsubishi Electric India,4.2,718,2.9k,46,6
1486,Eugia Pharma Specialities,4.0,717,2.7k,42,--
1487,TDK India Private Limited,3.9,717,2.2k,46,27
1488,BSH Home Appliances Group,3.8,714,2.4k,39,6
1489,Turtlemint,3.6,714,2.5k,54,8
1490,Sterling Tools,4.6,734,1.2k,224,9
1491,Biba Apparels,3.5,713,2.2k,49,--
1492,Bikanervala,3.9,713,2k,30,--
1493,Genus Power Infrastructures,3.9,712,2.9k,69,--
1494,Bristlecone,3.7,711,6.1k,70,136
1495,Home First Finance Company India,3.5,711,2.6k,66,304
1496,NecLife,3.6,711,2.3k,62,2
1497,uFaber,2.2,710,1.4k,54,--
1498,Rentokil Pest Control,3.6,709,2k,43,302
1499,Tavant Technologies,3.8,709,6.3k,81,76
1500,XcelServ Solutions,4.4,708,419,11,--
1501,URC Construction,3.6,707,2.5k,72,7
1502,Medreich,3.9,707,3k,62,2
1503,Eastman Auto and Power Limited,3.9,707,2.1k,95,6
1504,Apple,4.3,706,5.4k,168,249
1505,Razorpay,3.4,705,6.4k,177,59
1506,Bahwan CyberTek,3.3,705,4.8k,53,51
1507,Trianz,3.5,705,4.8k,61,12
1508,R.V.R. PROJECTS,3.9,708,1.7k,68,14
1509,Gartner,3.8,704,6.6k,97,75
1510,Diebold Nixdorf,3.6,703,3.6k,55,36
1511,Goodyear,3.5,703,2.6k,74,4
1512,Shalby Hospitals,4.2,702,2.1k,99,57
1513,Wow Momo Foods,4.1,702,1.9k,91,9
1514,Sykes Business Services Of India,3.4,702,2.6k,53,28
1515,Thriveni Earthmovers,3.9,702,2.5k,62,--
1516,Raychem RPG,3.7,702,2.5k,33,2
1517,Visteon,3.2,702,4.6k,61,38
1518,Kissht Finance,4.0,701,2.1k,79,16
1519,Lovely Professional University,3.3,700,2k,62,11
1520,Amrit Cement,3.9,700,1.5k,81,15
1521,JSW Energy,4.1,698,3.6k,56,--
1522,Mynd Solutions Private,3.7,698,3.2k,36,--
1523,TCNS Clothing Company,4.1,697,1.5k,27,2
1524,Cotiviti,3.5,696,4.6k,90,18
1525,Wolters Kluwer,3.8,697,5k,95,18
1526,Asb International,3.6,696,2.7k,35,--
1527,Ness Digital Engineering,3.3,694,5.6k,72,40
1528,HSBC Bank,4.0,694,3k,44,2
1529,Patel Engineering,4.1,694,2.3k,47,--
1530,NSB Bpo Solutions,2.8,694,1.7k,36,--
1531,ReSource Pro,3.8,694,3.5k,131,51
1532,KreditBee,3.5,695,3.4k,58,28
1533,Tredence,3.4,693,6.4k,151,94
1534,HRH Next Services,2.9,693,2k,53,9
1535,Transsion,4.0,693,2.6k,39,2
1536,Infor Global Solution,3.9,693,6.6k,84,10
1537,Samunnati,4.5,693,920,84,--
1538,Ramky Infrastructure,4.2,694,1.9k,54,1
1539,Csc E Governance Services,3.8,691,1.7k,46,19
1540,LEAP India Limited,4.6,692,1.3k,32,5
1541,PrimEra Medical Technologies,3.6,691,3.8k,72,43
1542,Central Bank of India,3.9,691,1.5k,44,--
1543,Kaar Tech,4.4,690,2.1k,235,6
1544,Moglix,3.3,690,3.7k,68,36
1545,VRL Logistics,3.7,690,1.6k,25,--
1546,Radico Khaitan,4.0,690,2.1k,66,--
1547,Titan Eye Plus,4.1,689,1.4k,37,--
1548,Bharat Serums and Vaccines,3.9,689,2.3k,31,5
1549,CtrlS,3.6,689,3.1k,56,8
1550,Embibe,3.4,688,2.6k,61,--
1551,IHG,3.5,688,2.7k,39,51
1552,TTK Prestige,3.8,688,2.5k,51,19
1553,Micro Turners,3.8,688,2.2k,35,1
1554,Technotask Business Solutions,3.5,688,2k,63,3
1555,Vindhya Telelinks,4.0,688,2.1k,48,--
1556,Jubilant Ingrevia,3.8,687,2.9k,52,--
1557,Kurlon,4.3,687,2.1k,37,9
1558,Flash Electronics,3.5,687,2.5k,36,--
1559,Wuerth,3.5,686,2.3k,46,13
1560,Vizag Steel,3.9,686,1.7k,36,--
1561,Wuerth,3.5,686,2.3k,46,13
1562,North East Small Finance Bank,3.5,686,1.9k,29,--
1563,Writer Corporation,3.4,685,2.1k,36,30
1564,Bisk Farm,4.0,685,1.6k,30,14
1565,Toppr,3.4,684,3.2k,66,--
1566,Leverage Edu,4.1,684,1.7k,69,60
1567,Doosan Power Systems,4.3,683,2.5k,44,1
1568,Government of India,4.2,683,3.8k,67,--
1569,PPG Asian Paints,3.8,683,2.8k,45,5
1570,Caparo Engineering India,4.0,683,2.5k,35,--
1571,Cohesity,3.9,683,5.1k,87,--
1572,Keventer,3.8,682,2.2k,35,9
1573,Emami Agrotech,3.9,682,2.5k,44,12
1574,Neeyamo Enterprise Solutions,3.6,682,4k,70,5
1575,Nephroplus,3.8,682,3k,51,98
1576,Dodla Dairy,4.2,682,1.9k,46,16
1577,Testbook.com,3.3,682,4.4k,111,--
1578,Orient Cement,4.4,681,2.4k,48,6
1579,Lohia Corp,4.0,681,2.5k,80,5
1580,Solv,3.5,680,1.7k,46,--
1581,Teamlease Digital,3.3,680,3.3k,39,--
1582,Autoliv,3.9,680,2.8k,42,--
1583,Office Beacon,4.6,680,878,68,8
1584,Livpure,3.8,680,2.3k,41,9
1585,Nomura Holdings,3.7,680,6.9k,80,271
1586,ChannelPlay,3.8,679,1.9k,31,1
1587,TVS Electronics,3.7,679,2.3k,32,8
1588,SG Analytics,2.6,679,3.5k,82,14
1589,BASF,4.2,679,2.4k,35,6
1590,TransUnion,3.6,678,6.2k,103,27
1591,Medtronic,3.9,678,4.5k,81,175
1592,Rane NSK Steering Systems,4.0,677,2k,41,--
1593,Bridgestone - Global Capability Center,4.0,677,2.7k,49,24
1594,YOKOGAWA,3.8,677,3.7k,60,88
1595,InternEzy,4.9,676,5,126,4
1596,Quislex Legal Services,4.1,676,1.8k,38,1
1597,Surya Roshni,4.1,676,2.2k,22,11
1598,Blue Yonder,3.6,676,7.4k,71,155
1599,Quess IT Staffing Solutions,3.1,675,1.6k,45,--
1600,Progressive Infovision,3.8,680,1.1k,51,--
1601,Orient Technologies,3.7,674,2.9k,49,12
1602,Capco Technologies,3.7,673,5k,92,158
1603,Lionbridge Technologies,3.5,672,3.8k,51,6
1604,DAV Public School,3.9,671,1.3k,36,--
1605,R.S. Infraprojects,4.0,671,1.7k,38,8
1606,Wissen Infotech,3.6,671,4.8k,64,102
1607,Snapdeal,3.8,671,2.8k,76,31
1608,Dhanuka Agritech,3.7,670,1.9k,50,3
1609,Mahindra Integrated Business Solutions,3.4,670,2.6k,46,4
1610,NextComm Corporation,4.8,669,37,6,--
1611,Osource Global,3.5,670,2.7k,27,15
1612,Redington,4.0,669,3.1k,37,3
1613,L&T Power,3.9,668,3.3k,37,--
1614,MPS Limited,3.5,668,2.9k,38,27
1615,Vasudha Pharma Chem,4.0,668,2.2k,37,1
1616,Triveni Engineering & Industries,4.2,668,2.4k,49,2
1617,Future Supply Chain Solutions,4.4,667,2.1k,22,--
1618,Corteva Agriscience,4.3,666,2.6k,41,2
1619,Housing.com,3.6,666,2.9k,79,13
1620,CJ Darcl Logistics Limited,4.0,666,1.9k,44,--
1621,EPL Limited,3.8,665,1.8k,30,5
1622,PCBL Chemical Limited,3.9,665,2.6k,72,12
1623,Tejas Networks,3.8,664,4k,91,--
1624,Welspun World,3.6,664,2.5k,60,92
1625,HCL Healthcare,4.6,663,953,171,19
1626,Saint Gobain Glass,3.9,664,2k,31,--
1627,Omaxe,4.2,662,2.2k,40,8
1628,SMC Global Securities,3.5,662,2.5k,55,18
1629,Kutumbh Care,4.0,662,1.6k,33,--
1630,Elite Elevators,4.1,668,980,51,2
1631,Ingram Micro,3.6,661,3.3k,33,--
1632,JoulestoWatts Business Solutions,3.4,661,3.3k,79,2
1633,CSC,3.6,660,4.5k,66,65
1634,Licious,3.6,660,3k,77,19
1635,bp,3.7,659,4.1k,92,53
1636,Optimum Infosystem,3.2,660,3.5k,59,36
1637,Krsnaa Diagnostics,3.6,658,1.6k,48,14
1638,Epicenter Technologies,3.4,658,2.3k,43,5
1639,Magic EdTech,3.5,658,3.6k,85,14
1640,Krsnaa Diagnostics,3.6,658,1.6k,48,14
1641,Epicenter Technologies,3.4,658,2.3k,43,5
1642,Indorama,3.9,657,2.3k,41,12
1643,PeopleStrong,3.4,657,3.1k,54,9
1644,BDO RISE Private Limited,3.6,656,2.9k,85,16
1645,ANAROCK Property Consultants,3.5,656,3k,64,47
1646,DeHaat,3.6,656,2k,68,2
1647,BrightCHAMPS,4.3,656,1.1k,97,14
1648,Cogoport,3.2,656,1.8k,56,1
1649,Healthians,4.1,655,1.9k,145,1
1650,Celebi Aviation Holding,4.0,654,1.1k,37,--
1651,My Home Industries,4.0,653,2.3k,44,5
1652,Data Entry,4.2,653,1.9k,131,--
1653,Narayana e-Techno School,3.6,653,2k,54,--
1654,TCI Express,3.9,653,1.9k,47,2
1655,Videocon d2h,3.8,653,1.2k,31,--
1656,Quality Austria Central Asia,3.5,652,1.8k,29,20
1657,Nihilent,3.1,651,4.9k,65,29
1658,Sintex BAPL,3.6,650,2.4k,39,2
1659,BankBazaar,3.3,650,2.9k,62,19
1660,Sintex BAPL,3.6,650,2.4k,39,2
1661,Sandvik Asia,4.0,649,1.6k,33,--
1662,TIAA Global Business Services,3.8,649,5k,52,13
1663,Careon Healthcare Solutions,3.9,649,2.8k,9,--
1664,Centaur Pharmaceuticals,3.5,647,2.8k,34,7
1665,Tata Power Delhi Distribution,3.8,647,2.8k,35,--
1666,Yatra,3.3,645,3k,37,1
1667,Surin Automotive,3.9,645,2k,57,--
1668,Uno Mindarika,4.0,645,2k,50,--
1669,Fiat India Automobiles,3.6,644,2.3k,46,4
1670,Times Group,3.8,644,4.7k,33,9
1671,Carrier,3.6,644,4.5k,54,16
1672,Alshaya Group,3.7,643,2.3k,50,--
1673,Forbes Marshall,3.9,643,2.7k,46,14
1674,Hetero Healthcare,3.5,643,2.3k,36,7
1675,Pennar Industries,3.5,642,3k,36,3
1676,TDS Lithium-Ion Battery,4.2,642,2.2k,94,--
1677,Talentpro,3.8,642,2.4k,33,42
1678,ICA Edu Skills,3.8,641,1.4k,42,12
1679,Ramboll,4.0,641,3.2k,47,124
1680,ICA Edu Skills,3.8,641,1.4k,42,12
1681,Inspirisys Solution,3.7,640,3.8k,63,70
1682,Encore Capital Group,3.9,640,2.2k,37,--
1683,Revolut,2.6,641,2.8k,120,--
1684,NiCE,3.5,639,4.4k,100,68
1685,3M,4.0,639,3.2k,41,89
1686,Anudip Foundation,4.1,638,1.3k,211,17
1687,Corporate Infotech,3.7,638,2.2k,84,7
1688,Khazana Jewellery,3.9,637,1.7k,65,22
1689,Collegedunia,3.2,637,3.3k,132,14
1690,Grihum Housing Finance,3.7,637,2.1k,30,1
1691,RealPage,3.6,636,4.1k,78,9
1692,Ferrero,3.9,636,2.1k,31,16
1693,Me n Moms,4.2,636,1.1k,148,7
1694,Vikram Solar,3.6,637,2.3k,41,14
1695,GKN,3.8,635,2.3k,36,23
1696,The Lalit,3.5,635,1.6k,26,12
1697,Welspun Corp,4.0,636,2.1k,35,14
1698,Mount Litera Zee School,3.7,634,1.5k,41,18
1699,FCC Clutch,3.8,635,2.3k,44,--
1700,MAQ Software,3.2,634,3.9k,175,1
1701,Mount Litera Zee School,3.7,634,1.5k,41,18
1702,Gainwell Commosales,4.0,633,2.3k,46,4
1703,Philips Innovation Campus,3.7,633,4.5k,56,--
1704,NRB Bearings,4.1,633,2k,53,46
1705,Continental,3.6,633,3.6k,58,81
1706,Geojit Financial Services,3.4,632,2.2k,54,5
1707,NoBrokerHood,2.8,632,2.1k,67,11
1708,Avalon Technologies,3.8,632,3.4k,43,19
1709,Electrotherm,4.2,631,2.8k,40,4
1710,Finova Capital,3.8,630,1.5k,29,4
1711,National Stock Exchange of India,3.6,630,4.5k,54,--
1712,Danfoss Industries,3.8,630,3.4k,44,14
1713,Airports Authority of India,4.2,630,1.8k,53,--
1714,Ebixcash Global Services,3.2,630,2.1k,57,--
1715,Sl Lumax,3.4,629,2.4k,31,6
1716,Suroj Buildcon,4.1,629,1.6k,35,2
1717,TVS Eurogrip,3.7,629,2.1k,33,12
1718,UKB Electronics Limited,3.5,629,2.3k,54,27
1719,Turbo Energy,4.2,628,2k,25,--
1720,Turbo Energy,4.2,628,2k,25,--
1721,B.L. Kashyap & Sons,3.7,628,1.7k,68,26
1722,Chaitanya India Fin Credit,4.1,627,1.5k,35,--
1723,Manjushree Technopack,3.5,627,2.8k,47,14
1724,Sigma Engineered Solutions,3.9,626,2.5k,30,--
1725,Reliance Jewels,3.8,626,1.3k,37,--
1726,Kaizen IT Services,3.9,626,1.3k,38,--
1727,Varthana,4.0,625,1.4k,46,5
1728,Crowne Plaza,4.1,625,1.3k,22,--
1729,Belstar Microfinance,4.0,625,1.5k,41,--
1730,Varun Motors,3.8,624,2.1k,24,4
1731,Sapphire Foods India,3.8,624,2k,37,40
1732,Monte Carlo,4.2,624,2.5k,35,4
1733,NetConnectGlobal,3.1,623,2.6k,33,198
1734,Tecnimont,3.9,623,2.8k,43,70
1735,Suraksha Diagnostic,3.7,622,1.6k,49,14
1736,ACKO,3.4,622,3k,63,21
1737,SOLAR INDUSTRIES INDIA,3.6,622,2.9k,71,22
1738,Karvy Stock Broking,3.6,622,1.5k,9,--
1739,InsuranceDekho,3.5,622,2.2k,81,64
1740,Sir H. N. Reliance Foundation Hospital and Research,4.2,623,1.2k,167,32
1741,Wissen Technology,3.7,622,5.2k,199,119
1742,South Indian Bank,3.3,620,3.1k,49,--
1743,Trigent Software,3.4,620,3.9k,79,4
1744,Serum Institute of India,4.1,620,3.3k,42,4
1745,IDBI Intech Limited,3.3,619,3.1k,55,1
1746,Suma Soft,3.5,620,3.1k,52,15
1747,Shivam Autotech,3.6,618,2.3k,37,4
1748,Maharashtra Seamless,3.5,618,2.2k,61,2
1749,IRB Infrastructure,3.9,617,1.4k,28,27
1750,Medcode,3.8,617,411,13,19
1751,Emids Technologies Limited,3.6,616,5.1k,49,22
1752,Pyramid IT Consulting,3.1,616,2.8k,28,2
1753,Sasken,3.6,616,4.3k,92,32
1754,Annalect,3.4,616,4.2k,82,--
1755,Royaloak Incorporation,3.6,615,1.5k,40,16
1756,Sintex Industries,3.9,615,2k,25,13
1757,Motilal Oswal Wealth Management,4.4,615,391,42,12
1758,Nucleus Software Exports,3.4,615,4.3k,47,34
1759,Okaya Power,3.8,615,2.2k,42,11
1760,Einfochips,3.5,615,3.8k,77,160
1761,Central Reserve Police Force,4.6,615,1.3k,9,--
1762,Kiya.ai,3.9,614,4.2k,51,172
1763,HDFC Asset Management Company,4.1,614,2.5k,46,--
1764,Shriram Automall,4.0,614,1.3k,47,--
1765,Kajaria Ceramics,3.9,615,2.1k,32,--
1766,Dr. Batras' Positive Health Clinic,3.7,614,1.1k,23,24
1767,Blackrock,3.5,613,7.2k,119,--
1768,Becton Dickinson,4.0,613,3.4k,36,110
1769,Action Tesa,3.9,613,1.4k,111,5
1770,Netmeds.com,3.9,613,2.3k,49,--
1771,Vedanta Limited,3.7,615,2.6k,56,14
1772,Hamilton Housewares,3.8,613,2.7k,41,19
1773,Aster Dm Healthcare,3.7,613,2.9k,55,174
1774,CSM Technologies,4.0,613,2.1k,35,22
1775,Super Smelters,3.7,612,2.1k,42,3
1776,Kirloskar Ferrous Industries,3.7,612,2.1k,33,2
1777,Hitachi Systems Micro Clinic,4.0,612,2.7k,32,--
1778,Sapiens,3.1,611,5.4k,67,--
1779,Agrostar,4.0,611,1.5k,64,32
1780,Schwing Stetter,3.9,611,2.5k,46,98
1781,EaseMyTrip.com,4.1,612,1.4k,69,70
1782,ThoughtWorks,3.9,611,6.9k,174,10
1783,Gestamp,3.6,610,2.1k,23,--
1784,Royal Caribbean International,4.2,609,711,32,1
1785,Renovision Automation Services,3.3,609,1.9k,26,23
1786,Mavenir Systems,3.3,609,3.6k,63,5
1787,Nspira Management Services,3.7,608,2.5k,38,24
1788,Fiem Industries,3.6,607,2.7k,28,11
1789,Finastra,3.7,607,4.5k,59,36
1790,Cashify,3.8,607,2.6k,50,3
1791,Holiday Inn,4.0,607,1.4k,18,2
1792,Ongc Petro Additions,4.0,607,3.3k,35,--
1793,ITC Limited Foods Division,3.9,607,2k,74,--
1794,Godrej Industries,4.0,607,2.9k,59,134
1795,Finolex Industries,3.7,607,2.4k,47,1
1796,Carnival Cruise Lines,4.2,606,685,23,--
1797,Family Health Plan,3.7,606,2.1k,45,6
1798,Jain Irrigation Systems,3.7,606,1.9k,32,--
1799,Myk Laticrete,3.9,606,2.2k,25,11
1800,Grab A Grub Services,3.9,605,1.8k,35,--
1801,BMC Software,4.0,605,3.9k,52,29
1802,MothersonSumi INfotech & Designs,3.4,605,3.7k,37,6
1803,Sudarshan Chemical Industries,3.9,605,2.7k,33,15
1804,BT E Serv,3.9,605,2.6k,54,--
1805,Rocket India,4.0,604,3.6k,113,25
1806,Dhani Services,3.7,603,1.2k,22,--
1807,CSG International,3.5,603,4.2k,60,--
1808,ShareChat,3.6,603,2.6k,87,12
1809,Cyfuture,3.0,603,2.7k,108,23
1810,Avaada Group,4.3,603,2.2k,62,250
1811,Sanghi Industries,4.1,601,2.2k,77,--
1812,Blackberrys,3.7,601,1.8k,33,10
1813,DHL Global Forwarding,3.9,600,3.1k,39,2
1814,Polaris Consulting,4.1,600,2.8k,33,--
1815,VDA Infosolutions,3.8,600,1.9k,55,2
1816,Toyoda Gosei Minda,4.2,600,1.8k,32,--
1817,Mrs Bector's Food Specialities,3.9,600,1.8k,31,15
1818,Columbia Asia,4.6,598,1.4k,19,--
1819,IKEA,4.0,598,2.2k,50,--
1820,Bharat Biotech International,3.1,598,2.3k,62,3
1821,IKEA,4.0,598,2.2k,50,--
1822,Jubilant Agri and Consumer Products,4.0,597,1.9k,38,--
1823,Ugam Solution,3.6,596,3.5k,51,7
1824,Heidelberg Cement,4.0,596,1.9k,36,1
1825,Eli Lilly and Company,3.4,595,4.7k,82,70
1826,SIS Prosegur Holdings,3.4,595,1.5k,19,6
1827,Hpl Electric & Power,3.7,594,2.2k,69,9
1828,Infinity Learn,4.2,594,2k,102,63
1829,APL Apollo Tubes,4.0,594,1.9k,54,6
1830,Ofbusiness,3.0,594,2.5k,50,63
1831,Bridge & Roof Co,3.4,593,2.5k,27,--
1832,Vedang Cellular Services,3.8,593,1.7k,30,12
1833,AML RightSource,2.6,593,3.3k,60,18
1834,Anmol Industries,3.9,593,1.8k,65,--
1835,Pathkind Diagnostics Private Limited,4.0,593,1.8k,54,11
1836,Medley Pharmaceuticals,3.9,593,1.8k,38,12
1837,United Colors of Benetton,4.3,593,1.3k,24,3
1838,DealShare,3.6,593,2.5k,42,--
1839,Vyapar,3.6,592,2.3k,77,125
1840,Maxicus,4.0,592,709,135,--
1841,Sterling Oil Exploration & Energy Production,3.5,592,1.3k,69,--
1842,Vadilal Industries,4.1,591,1.8k,37,11
1843,Varindera Constructions,4.4,591,1.3k,51,29
1844,Consulting Engineers Group,4.1,591,1.7k,48,8
1845,Inspira Enterprise India Limited,3.6,590,3.5k,51,4
1846,Kellogg,4.2,590,2.2k,31,4
1847,NLC India Limited,4.4,590,1.2k,29,--
1848,Excitel Broadband,3.6,590,1.9k,58,3
1849,IDP Education Limited,3.6,590,2.5k,69,22
1850,EdgeVerve Systems,3.3,589,4.1k,67,43
1851,AVTEC,3.5,588,2.1k,26,17
1852,Saudi Aramco,4.5,588,1.4k,61,--
1853,HLL Lifecare,3.7,588,1.8k,45,--
1854,Perficient,3.7,588,4.5k,48,7
1855,Lulu International Shopping Mall,3.7,588,2.5k,43,47
1856,Coal India,3.9,587,1.9k,52,--
1857,Accion Labs,3.5,587,4.7k,82,46
1858,Cvent,3.2,586,4.7k,102,111
1859,The Saraswat Co-operative Bank,3.2,586,3k,28,7
1860,HashedIn by Deloitte,3.9,586,5.7k,145,5
1861,Affinity Express,2.8,585,2.5k,38,--
1862,Efs Facilities Services,3.7,585,1.4k,35,24
1863,BEML,3.7,584,1.7k,29,--
1864,Ascent HR Technologies Private Limited,3.6,584,1.8k,45,14
1865,Pamac Finserve,3.2,584,1.6k,32,1
1866,Maharashtra State Electricity Distribution Company,4.2,583,1.2k,24,--
1867,FNP,3.7,583,2.4k,71,13
1868,Hilton,4.1,582,1.5k,28,295
1869,Apitoria Pharma,4.2,582,817,39,8
1870,Hettich,3.6,581,2.4k,43,14
1871,Orra Fine Jewellery,3.5,581,1.7k,50,23
1872,Colt Technology Services,4.2,581,3.3k,25,14
1873,Jubilant Generics,4.0,580,2.4k,20,--
1874,Jindal Poly Films,3.7,580,2.4k,39,--
1875,Gandhi Automations,4.0,580,1.3k,40,8
1876,PTC,4.2,580,3.9k,69,169
1877,Aurionpro Solutions,3.5,579,3.6k,38,14
1878,Capital Numbers Infotech,4.1,579,1.2k,47,16
1879,Dr. Reddy's Foundation,3.7,578,1.7k,54,36
1880,Quest Retail Private Limited,4.1,578,919,15,2
1881,Wood Group,3.8,577,2.8k,67,59
1882,Micromax Informatics,3.9,577,1.3k,22,--
1883,Expleo Group,3.5,578,5.6k,48,34
1884,BAXY Limited,4.0,579,2k,30,--
1885,C5i,4.2,577,2.8k,54,18
1886,PureSoftware,2.9,577,3.7k,68,46
1887,GAMMON INDIA,3.7,577,1.1k,31,--
1888,Country Delight,3.8,577,2.4k,43,6
1889,Fenesta Building Systems,4.0,576,2k,39,19
1890,Allianz Services,4.1,576,2.4k,33,12
1891,HUDL,3.2,575,1.9k,62,--
1892,Army Public School,4.0,575,1.2k,41,--
1893,Alcon,3.8,574,2.9k,44,32
1894,PayU Payments,3.3,574,4.3k,68,128
1895,Crystal Crop Protection,3.9,574,1.8k,25,2
1896,Axiscades,3.1,573,3.7k,62,1
1897,WayCool Foods and Products,3.4,572,2.8k,42,--
1898,Kauvery Hospital,4.0,574,2.2k,37,8
1899,Iron Mountain Inc,3.7,572,3.1k,31,114
1900,Maxop Engineering Co.,4.1,572,2.3k,49,6
1901,AVIOM,4.0,573,1.2k,31,1
1902,McCain Foods,4.0,572,1.7k,37,4
1903,AVEVA,4.0,571,1.9k,31,47
1904,Matrimonialsindia,4.9,571,117,13,1
1905,Damco Solutions,3.5,571,2.2k,44,21
1906,J K Fenner,3.9,570,2k,35,--
1907,Amway India Enterprises,4.1,570,2.1k,19,13
1908,Jaipur Rugs,4.3,570,840,64,8
1909,Prochant,3.8,570,2.3k,68,43
1910,QSpiders,3.7,569,1.8k,98,--
1911,TSYS|Total System Services,4.1,569,4.2k,68,24
1912,Ambit Finvest,4.0,569,1.9k,28,1
1913,Applied Materials,3.7,569,4.8k,90,180
1914,HBL Power Systems,4.0,569,2.1k,33,6
1915,Pinnacle Infotech,3.4,569,2.8k,61,15
1916,Dishman Carbogen Amcis,3.6,568,2.1k,36,51
1917,Baker Hughes,4.1,568,4.1k,65,92
1918,Transport Corporation Of India,3.8,568,1.9k,38,--
1919,ArcelorMittal,4.0,567,3.1k,43,8
1920,Levi Strauss & Co.,4.2,567,2k,32,19
1921,Paras Dairy,3.4,566,1.6k,31,1
1922,Laxmi Organic Industries,3.8,565,2.1k,45,26
1923,UTL Solar,3.6,565,1.8k,61,82
1924,SoftAge Information Technology,3.6,565,899,22,9
1925,Andritz Hydro Location India,3.9,565,2.7k,34,9
1926,Paramount Health Services Tpa,3.8,564,2.3k,35,21
1927,Lear Corporation,4.0,564,2.8k,25,14
1928,Voyants Solutions,3.7,564,1.7k,58,130
1929,Empower,4.0,564,4.2k,59,82
1930,Genesys International Corporation,3.4,564,2.4k,21,2
1931,Toyota Industries Engine India,4.3,565,1.5k,31,--
1932,"DATAMARK, Inc.",3.5,563,1.7k,34,42
1933,DB Schenker,4.3,563,2.3k,24,--
1934,United Spirits,4.1,562,1.5k,15,4
1935,Mahendra NextWealth IT,3.4,562,1.9k,26,6
1936,Herbalife International,4.0,562,2.6k,30,11
1937,BUSINESSNEXT,3.5,561,3.8k,76,24
1938,Western Refrigeration,3.8,560,2.3k,41,32
1939,SAEL Industries Limited,3.9,560,2k,49,34
1940,Western Refrigeration,3.8,560,2.3k,41,32
1941,SAEL Industries Limited,3.9,560,2k,49,34
1942,Toothsi,2.7,560,2.2k,66,--
1943,Titan Engineering & Automation,3.8,560,2.8k,36,4
1944,Prestige Group,4.3,560,2.6k,50,12
1945,Harman Finochem,3.6,558,2.8k,44,15
1946,Artemis Hospitals,4.2,558,1.5k,20,11
1947,Solara Active Pharma Sciences,3.7,558,2.8k,44,2
1948,Congruex Asia Pacific,3.7,559,2.3k,68,6
1949,Renault,4.0,557,1.9k,33,--
1950,NAV Backoffice,3.8,557,2.4k,37,2
1951,Marelli,3.5,557,2.8k,45,--
1952,MR.DIY,3.4,558,1.5k,51,5
1953,Navin Fluorine International,3.8,556,2.6k,30,--
1954,Courtyard by Marriott,4.2,556,1.1k,25,--
1955,Bajaj Consumer Care,3.8,555,1.4k,34,4
1956,MITS Global Consulting,4.5,556,924,42,--
1957,The Times of India,3.6,555,2.9k,45,--
1958,Unimoni,3.8,555,2k,18,3
1959,Kirloskar Pneumatic,4.0,554,2.6k,38,1
1960,Carlsberg,3.9,553,1.8k,38,15
1961,Z X Learning,4.3,553,359,44,--
1962,Innominds Software,3.2,553,4.7k,49,51
1963,LendingKart,3.6,552,2.6k,39,64
1964,FiveS Digital,3.4,552,1.5k,57,6
1965,Hitachi Cash Management Services,3.2,551,1.2k,42,10
1966,Kellogg Brown and Root,4.1,551,2.3k,41,43
1967,Practo,3.0,551,3k,81,33
1968,BLK Super Speciality Hospital,3.9,551,1.5k,34,--
1969,Datamatics Business Solutions,3.3,551,2.5k,46,14
1970,L & W Constructions,3.9,550,1.8k,27,1
1971,Propertypistol Realty,3.8,550,2k,80,35
1972,Inox Wind,3.7,550,1.8k,49,5
1973,Unified Mentor,4.1,550,396,128,4
1974,General Motors,4.0,550,2.1k,34,11
1975,GSPANN Technologies,4.1,550,3.5k,49,63
1976,Bharat Fritz Werner,3.9,549,2.4k,33,11
1977,Enco Engineers Combine,3.7,549,1.6k,36,--
1978,Virtual Employee,3.3,548,3.1k,51,1
1979,Craftsman Automation,3.8,548,2.4k,24,--
1980,Macawber Beekay,4.2,547,1.7k,25,19
1981,Premier Energies,4.0,547,2k,45,2
1982,Sulzer,3.9,547,2.7k,36,13
1983,WPP Media,3.6,547,4k,43,4
1984,Maini Precision Products,3.4,546,2.8k,40,17
1985,AM Infoweb,3.8,546,1.4k,87,24
1986,Gayatri Projects,3.9,545,1.8k,40,10
1987,Roop Polymers,3.9,545,1.8k,30,16
1988,RAK Ceramics,3.7,545,1.7k,32,6
1989,Tracxn,2.7,544,2.4k,113,77
1990,Fena,4.0,544,1.5k,33,50
1991,RuralShores,3.6,544,1.1k,23,4
1992,Offshore Infrastructures,4.2,544,1.7k,25,--
1993,Hi Tech Gears,3.9,543,2.1k,32,--
1994,Utility Powertech,3.8,543,1.7k,30,--
1995,Magma General Insurance Limited,3.7,543,2.3k,34,16
1996,Sanmina Sci,4.1,542,2.7k,33,24
1997,Kidzee,4.0,542,1.2k,24,1
1998,Allianz Partners,3.7,542,2.7k,39,--
1999,Haldiram Snacks,3.9,542,1.8k,19,23
2000,IKF Finance,3.9,541,1.3k,28,4
2001,Yokohama,3.6,541,2.1k,27,3
2002,Dhani Healthcare,3.4,541,2.3k,59,--
2003,Eicher Motors,4.1,541,1.6k,42,--
2004,My Home Constructions,4.3,540,2.2k,35,11
2005,Regalix,2.7,539,2.8k,58,58
2006,NMDC Limited,4.1,539,2k,45,--
2007,Bharti Infratel,4.7,539,1.1k,6,--
2008,RadiSys,3.8,539,2.5k,51,--
2009,Maxgen Technologies,4.6,539,1.1k,14,--
2010,Dusters Total Solutions Services,3.9,538,1.6k,21,4
2011,Micron Electricals,4.1,538,2.3k,37,2
2012,Vestige,4.3,538,1.4k,40,--
2013,Vimta Labs,3.5,538,2.2k,42,8
2014,Insuremile,4.7,538,77,83,1
2015,Welspun Enterprises,4.2,537,1.8k,53,3
2016,Sterling,4.0,537,1k,37,--
2017,Cpf India,4.1,537,1.6k,25,2
2018,S P Singla Constructions,3.5,537,1.6k,37,--
2019,RMC Readymix,3.6,537,1.4k,42,5
2020,RMC Readymix,3.6,537,1.4k,42,5
2021,S P Singla Constructions,3.5,537,1.6k,37,--
2022,Zycus Infotech,2.6,537,3.2k,76,50
2023,Scaler Academy,3.5,536,2.5k,91,5
2024,Brigade Group,4.1,536,2.6k,45,110
2025,Ralson Tyres Limited,3.7,536,2.2k,48,10
2026,5paisa Capital Ltd.,4.1,535,1.6k,46,5
2027,FMC Corporation,3.9,535,1.7k,42,--
2028,CTS Consulting & Technical Support,3.7,534,6.7k,174,--
2029,DFM Foods,4.0,534,1.6k,37,16
2030,Uttar Pradesh Power Corporation,4.0,534,1.3k,11,--
2031,Telenor,4.1,534,583,9,--
2032,Mecon,3.9,534,1.8k,45,--
2033,BOBCARD Ltd.,4.1,533,1.4k,29,30
2034,Castrol,4.3,533,2k,24,82
2035,MUTHOOT HOMEFIN (I) LTD.,3.8,533,1.4k,32,2
2036,Infiniti Research,3.4,532,1.7k,38,13
2037,Reliance Life Sciences,3.6,531,2.6k,30,6
2038,Pierian Services,3.3,530,2.8k,39,21
2039,Legrand,3.7,530,2.3k,28,--
2040,CompuCom,3.8,530,3.1k,37,12
2041,Emaar India Limited,3.6,530,2.4k,28,3
2042,Canon,4.0,530,2k,22,6
2043,Wellness Forever Medicare,3.9,530,1.7k,55,4
2044,Pierian Services,3.3,530,2.8k,39,21
2045,Legrand,3.7,530,2.3k,28,--
2046,India Private Driver,3.8,529,2,--,--
2047,Hitachi Systems,3.9,529,2.8k,18,4
2048,DM Immigration Consultant,1.0,529,34,--,--
2049,Vidal Health Insurance,3.7,529,1.9k,21,--
2050,Bharat Gears,4.0,529,2k,27,3
2051,Chaayos,3.4,529,1.6k,38,16
2052,Stock Holding Corporation of India,3.5,528,1.8k,35,--
2053,Systra Consulting,4.0,528,1.6k,36,471
2054,N.C.L. Industries,3.7,528,1.6k,38,3
2055,Innovatiview India Ltd,4.2,528,1.3k,75,13
2056,Capital Business Systems,3.6,528,1.6k,37,12
2057,V.S.T Tillers Tractors,3.5,527,1.8k,41,6
2058,CDK Global,3.8,527,3.5k,40,15
2059,Tuaman Engineering,4.3,526,1.5k,75,--
2060,House Of Anita Dongre,4.0,526,1.4k,19,4
2061,Aptus Value Housing Finance India,4.1,526,1.3k,22,10
2062,Amara Raja Infra,4.0,526,1.5k,56,--
2063,Metro Group of Hospitals,3.8,525,1.3k,16,66
2064,Suprajit Engineering,3.8,525,2.4k,40,8
2065,Chemplast Sanmar,3.5,525,2.4k,47,16
2066,Consero Global Solutions,3.0,525,2.7k,101,--
2067,Wockhardt Hospital,3.9,525,1.7k,23,20
2068,Spectrum Talent Management,3.5,523,2k,36,--
2069,Indian Bank,3.4,523,1.8k,27,--
2070,Hafele,3.9,523,2.3k,32,12
2071,Saksoft,3.5,523,3.4k,50,31
2072,Adani Cement,3.5,525,2k,55,--
2073,RSB Transmissions,3.9,522,2.1k,38,--
2074,Coats,3.7,522,1.9k,26,53
2075,Tradeshala,4.5,521,35,119,--
2076,Dr. Agarwal's Eye Hospital,3.7,521,1.7k,37,60
2077,Hitech Projects Limited,4.6,521,668,58,--
2078,Ziqitza Health Care,3.9,521,1.1k,25,--
2079,EC-Council,4.1,522,2.5k,50,14
2080,Indecomm Global Services,3.9,521,2.6k,29,14
2081,Ge India Industrial,4.2,520,2k,19,--
2082,Metalman Auto,3.9,521,1.9k,24,30
2083,ACTE,4.6,520,113,9,1
2084,Williams Lea,3.6,520,3.1k,49,14
2085,Foray Software,3.5,520,3.5k,39,39
2086,JK Tech,3.8,521,3.2k,39,3
2087,Lakme,4.2,520,1.6k,25,11
2088,OutworX,3.5,519,2.2k,35,5
2089,Karvy Data Management Services,3.8,519,2.2k,19,--
2090,Quikr,3.5,519,2.1k,33,10
2091,Morepen Laboratories,3.8,519,1.9k,24,39
2092,Pitti Engineering,3.8,519,2k,28,--
2093,Mobikwik,3.5,518,2.5k,62,28
2094,PEGATRON,3.9,517,2.1k,29,--
2095,Nivea,4.2,517,1.8k,32,11
2096,ATS Infrastructure,4.1,517,1.8k,34,1
2097,Kokilaben Dhirubhai Ambani Hospital,3.7,517,1.7k,31,48
2098,Ramraj Cotton,4.1,517,1.1k,42,5
2099,Metriqe Solutions,3.9,517,1.4k,27,3
2100,DiGibizz,,--,1,--,--
2101,F1 Info Solutions and Services,3.7,516,1.2k,27,--
2102,Amar Ujala,3.9,518,1.7k,20,1
2103,Hero Cycles,3.2,516,1.8k,56,11
2104,Galaxy Surfactants,3.9,516,2k,28,37
2105,Vivanta by Taj,4.2,515,1k,28,--
2106,Insolutions Global,3.5,515,2.7k,36,12
2107,African Industries,4.0,515,1.1k,41,6
2108,Macquarie Group,3.1,515,4.6k,53,103
2109,AT&T,3.7,514,4.6k,65,8
2110,OMICS International,2.5,514,1.6k,25,--
2111,Hindusthan National Glass,3.7,513,2k,33,--
2112,Atomberg Technologies,3.8,513,2.4k,40,15
2113,Equifax,4.0,513,2.5k,71,53
2114,Securitas,3.8,513,1.9k,38,7
2115,Webskitters,3.8,513,838,19,--
2116,LearningMate Solutions,2.9,513,3.6k,50,41
2117,Ministry of Defence,4.4,512,1.8k,19,--
2118,Adda 247,3.6,512,1.8k,78,35
2119,CMR Green Technologies,3.5,512,1.7k,56,54
2120,Hamdard,4.0,511,1.4k,43,2
2121,Poorvika Mobiles,4.0,511,1.7k,33,3
2122,RSM India,3.2,510,2.6k,67,18
2123,Centum Learning,3.8,510,1.3k,26,10
2124,Cuemath,3.4,510,1.9k,49,30
2125,SunTec Web Services,3.2,510,1.8k,51,15
2126,Muthoottu Mini Financiers,3.5,509,1.3k,26,14
2127,BharatPe,3.5,509,2.7k,52,2
2128,Addverb Technologies,3.5,509,2.3k,88,13
2129,Great Learning,3.4,509,3.8k,69,33
2130,Safari Industries India,4.0,509,1.8k,36,8
2131,HSBC Global Banking and Markets,3.9,511,3.5k,29,--
2132,FinThrive,3.5,510,1.5k,21,9
2133,Innovaccer,3.2,509,3.5k,96,24
2134,Cairn Energy,3.6,509,2.9k,33,--
2135,Micron Technology,3.6,509,4.4k,82,24
2136,QHTalbros,3.7,509,1.4k,18,--
2137,Dalmia Bharat Group,3.9,508,2k,35,--
2138,Stylebaazar,4.0,509,1.1k,38,13
2139,Axa XL,3.6,508,3.6k,50,57
2140,Axa XL,3.6,508,3.6k,50,57
2141,Alight Solutions,3.4,508,2.7k,30,4
2142,Sheela Foam,3.9,508,1.5k,31,20
2143,RapiPay,3.6,506,1.7k,39,--
2144,BKT Tyres,4.2,506,2k,78,9
2145,Walkaroo International,3.6,506,2.3k,48,97
2146,Deloitte Digital,3.8,506,3.2k,62,--
2147,Pace Setters Business Solutions,3.5,505,1.3k,23,2
2148,Lotus Herbals Private Limited,4.1,506,1.5k,46,2
2149,TÜV Rheinland,4.1,505,1.8k,21,4
2150,Sarovar Hotels & Resorts,4.1,504,1.4k,20,--
2151,ServiceNow,3.9,504,5.8k,136,--
2152,Nelito System,3.2,504,2.4k,30,30
2153,Johnson Matthey,3.8,504,1.9k,42,11
2154,ThoughtSol Infotech Limited,4.6,504,582,97,7
2155,BharatMatrimony.com,3.9,504,1.4k,24,--
2156,Rusan Pharma,3.5,503,1.9k,25,9
2157,Vakrangee,3.6,503,1.1k,9,--
2158,Gyan Dairy,4.0,503,1.4k,49,3
2159,Voltech,3.5,503,1.6k,34,--
2160,Rakuten,3.5,503,5.4k,95,12
2161,Voya India,3.7,503,3k,30,4
2162,Alchemy Techsol India,3.4,503,2.1k,91,--
2163,LIC Housing Finance,3.9,502,1.5k,21,--
2164,BCG,3.6,502,7.8k,220,46
2165,National Australia Bank,2.9,502,3.8k,57,11
2166,CARE,4.3,501,1.2k,41,--
2167,Jindal Power Limited,4.3,501,1.7k,54,14
2168,Kandhari Beverages,3.8,502,1.6k,31,8
2169,Markets and Markets,2.7,500,2.7k,62,14
2170,Communications Test Design,3.7,500,1.7k,31,29
2171,Kalyani Technoforge,3.8,500,1.9k,22,9
2172,ZEISS India,3.6,499,2.7k,34,14
2173,TRINAMIX,4.4,499,942,64,36
2174,Emerson Electric Co.,4.0,500,3.2k,58,185
2175,Future Lifestyle Fashion,4.2,498,1.6k,8,--
2176,Hinduja Tech,3.1,498,3.2k,34,110
2177,Yardi Systems,3.6,498,2.6k,78,--
2178,Akal Information Systems,4.4,497,1.8k,26,17
2179,QBurst Technologies,4.2,498,4k,86,--
2180,Varuna Integrated Logistics,3.8,497,1.6k,37,5
2181,Global Autotech,4.0,497,2.1k,52,4
2182,MindGate Solutions,3.1,497,3.1k,78,1
2183,Techwave Consulting,3.7,496,3.6k,42,26
2184,Pepperfry,3.1,496,2k,34,3
2185,N+A,3.8,495,18.3k,172,9
2186,Epiroc,4.0,495,2.4k,44,60
2187,QUICK HEAL TECHNOLOGIES,3.6,495,2.6k,30,3
2188,Mars International India,4.1,497,1.7k,19,20
2189,2COMS,3.2,495,1.4k,60,379
2190,India Post,3.7,495,1.5k,24,--
2191,Value Point Systems,3.5,495,2.2k,29,56
2192,InCred Finance,3.9,493,2.5k,33,44
2193,Tractebel,4.0,493,1.7k,46,7
2194,Texmo Industries,3.8,493,1.6k,27,1
2195,Kirby Building Systems,3.9,493,1.9k,25,6
2196,HealthifyMe,2.7,492,1.6k,51,7
2197,Aparna Enterprises,3.9,492,1.8k,39,11
2198,Go First,3.9,492,2k,50,--
2199,Par Health,4.1,491,2.1k,28,--
2200,Par Health,4.1,491,2.1k,28,--
2201,Think Gas Ludhiana,3.6,491,2.3k,51,1
2202,Medikabazaar,4.2,491,941,14,2
2203,Orcapod Consulting Services,3.1,490,1.9k,34,6
2204,GD Goenka Public School,3.4,490,1.3k,48,16
2205,Signature Global,3.9,490,2.2k,45,9
2206,Mahanagar Gas,4.2,489,2.2k,32,3
2207,Maersk Line,4.0,489,2.4k,34,--
2208,Athenahealth Technology,4.1,489,4k,91,84
2209,Sadbhav Engineering,4.2,488,1.2k,10,--
2210,Bira 91,3.3,488,1.5k,29,--
2211,NJ India Invest,3.7,488,1.1k,55,27
2212,Trimax IT Infrastructure Services,3.6,487,1.1k,13,--
2213,Juniper Networks,4.2,487,4.4k,76,--
2214,Leighton Contractors,4.0,487,1.1k,24,12
2215,Invesco,3.7,487,3.3k,52,61
2216,Infotact Solutions,4.4,487,47,115,--
2217,India Glycols,4.0,487,1.9k,38,4
2218,Ivrcl Infrastructures & Projects,4.3,487,844,9,3
2219,Sri Krishna Pharmaceuticals,4.0,486,1.8k,17,2
2220,LogixHealth,3.4,486,2.2k,21,14
2221,Otsuka Pharmaceutical India Private Limited,4.1,486,1.6k,28,31
2222,MediBuddy,3.3,486,2.4k,42,53
2223,Sri Krishna Pharmaceuticals,4.0,486,1.8k,17,2
2224,C-Edge Technologies,3.6,486,2.7k,27,5
2225,Flowserve,3.7,486,3.3k,36,20
2226,Vindhya e-Info Media,3.6,485,1.1k,28,2
2227,Sterling Holiday Resort,3.7,485,1.5k,23,8
2228,SUEZ Group,4.2,486,2k,21,6
2229,CollegeDekho,2.7,487,2.5k,66,5
2230,Vishvaraj Environment,4.0,485,1.8k,32,7
2231,Jiva Ayurvedic Pharmacy,3.8,485,1.2k,43,37
2232,Symbiotec Pharmalab,4.0,485,2k,30,6
2233,Saud Bahwan Group,3.7,485,989,14,--
2234,Ppap Automotive,3.7,485,1.8k,43,--
2235,Ascent Business Solutions,3.3,484,2.7k,32,--
2236,Plastic Omnium,3.7,484,2k,31,39
2237,MathCo,3.1,484,2.9k,134,26
2238,PC Solutions,4.1,484,1.3k,56,23
2239,Head Field Solutions,4.3,484,1.3k,66,3
2240,Head Field Solutions,4.3,484,1.3k,66,3
2241,Bridgestone India Automotive Products,4.1,483,2.2k,29,--
2242,Cosmo Films,3.7,483,2k,40,15
2243,Xerox,3.7,483,2.1k,25,41
2244,ASM Technologies,3.4,483,3.5k,46,25
2245,Siemens Healthineers,4.0,482,4.1k,69,--
2246,Cadbury,4.3,482,997,28,--
2247,Quinnox,3.9,482,3.4k,41,42
2248,EID Parry (India),3.9,482,1.5k,26,11
2249,L. N. Malviya Infra Projects Group,3.1,482,1.2k,27,19
2250,KRBL Limited,3.7,482,1.6k,37,2
2251,Protium Finance,3.7,484,2.1k,37,6
2252,Buzzworks Business Services,3.6,482,2.1k,20,10
2253,Lite Bite Foods,4.4,482,1.2k,22,5
2254,Matrix Business Services,3.5,481,2k,44,12
2255,National Commodities Management Services,4.1,481,1.4k,16,3
2256,Central Public Works Department,4.2,480,1.2k,15,--
2257,Giesecke & Devrient,3.4,480,2.2k,33,9
2258,Namaste India Foods,3.9,480,1.2k,25,--
2259,Bluestone.com,3.4,480,2.2k,58,6
2260,Visa,3.3,479,6.7k,162,--
2261,Alpla,3.9,479,1.8k,35,21
2262,Kellton,2.9,479,3.4k,64,7
2263,Fynd,3.0,478,2.3k,74,23
2264,Riya Travel,3.6,478,1.5k,14,6
2265,iNurture Education Solutions,2.5,478,1.4k,45,--
2266,Akamai Technologies,4.4,478,4.3k,78,17
2267,Knowledgeworks Global,2.9,478,2.2k,34,16
2268,Mikuni,4.1,477,1.4k,27,--
2269,Tetra Pak,4.1,477,2.4k,43,26
2270,Westin,4.1,477,1.2k,21,4
2271,Common Service Centres,4.4,477,1.3k,15,--
2272,Gopal Snacks Limited,4.1,477,1.2k,41,2
2273,Equiniti,3.6,476,3.2k,43,16
2274,Allana Group of Companies,3.8,476,1.5k,39,--
2275,AIG Hospital,4.2,475,1.6k,33,3
2276,Numeric UPS,3.9,475,1.2k,14,29
2277,Ramco Industries,4.0,475,1.8k,22,2
2278,Shalimar Paints,3.5,475,1.6k,31,5
2279,Suzlon Global Services,3.8,475,1.3k,54,--
2280,Star Bazaar,3.8,475,1.5k,22,--
2281,ESDS Software Solutions,3.3,475,3k,37,67
2282,Jumbotail Technologies,3.7,474,1.6k,38,4
2283,Onshore Construction,3.7,474,1.6k,29,10
2284,Prime Focus Technologies,3.1,474,2.2k,41,--
2285,McNally Bharat Engineering,3.9,474,1.4k,13,1
2286,Honda Logistics,3.6,473,1.5k,32,2
2287,Oriental Structural Engineers,4.3,473,1.2k,10,--
2288,Clove Dental,4.1,473,1.3k,75,2
2289,Keysight Technologies,3.8,473,2.6k,36,52
2290,Sany Heavy Industry,3.7,473,1.9k,41,4
2291,Thought Focus,3.3,473,3.5k,49,56
2292,Encube Ethicals,3.7,473,2.4k,28,20
2293,Brainvire,3.0,472,1.7k,77,39
2294,Moon Beverages,3.9,473,1.6k,26,--
2295,Landis+Gyr,2.8,472,2.7k,34,44
2296,Iol Chemicals & Pharmaceuticals,3.8,472,1.9k,30,2
2297,Teradata,3.6,472,3.7k,62,--
2298,Bhilosa Industries,3.7,472,2.2k,37,3
2299,Sayaji Hotels,4.1,471,1k,14,1
2300,Bahwan Engineering,4.0,471,990,25,--
2301,Saudi Binladin Group,4.3,471,727,33,--
2302,ZF Friedrichshafen,3.8,471,2.1k,33,--
2303,Magneti Marelli Motherson Auto System,3.8,471,1.4k,24,--
2304,Mediterranean Shipping Company,4.0,471,2.3k,25,--
2305,Aludecor Lamination,3.9,471,1.7k,43,27
2306,Gulf Oil Lubricants,4.1,470,1.7k,29,3
2307,Saxo Bank,3.7,470,2.5k,72,10
2308,Technico Industries,3.5,470,1.9k,42,2
2309,Nash Industries,3.4,470,2.3k,35,7
2310,Meghmani Organics,3.7,469,2.3k,46,1
2311,Allied Blenders & Distillers,4.0,469,1.5k,21,2
2312,Cloud4C,3.5,469,3k,40,6
2313,Welspun Transformation Services Limited,4.0,469,802,49,--
2314,Clix Capital Services,4.1,469,1.5k,29,858
2315,Qcon,4.4,469,1.1k,42,--
2316,Godrej Interio,3.8,469,2k,32,--
2317,NBTC GROUP,3.2,470,1.1k,22,3
2318,SBI Mutual Fund,3.8,469,1.8k,30,9
2319,Avery Dennison,3.7,469,2k,41,27
2320,Xanadu,3.7,469,1.8k,63,1
2321,British Council,3.5,469,2k,27,15
2322,Paradeep Phosphates,3.9,469,1.5k,61,2
2323,WM Universal Solutions Private Limited,3.6,468,2.2k,45,146
2324,MagicPin,2.5,468,1.9k,61,7
2325,RND Softech,3.0,468,1.9k,41,--
2326,Symphony,4.6,468,1k,63,17
2327,Jindal Aluminium,3.9,468,1.9k,48,37
2328,Paharpur Cooling Towers,3.9,468,1.9k,29,6
2329,Comcast,3.9,468,5.1k,93,1
2330,Greenpanel Industries,3.9,468,1.8k,24,--
2331,Cera Sanitaryware,4.1,467,1.7k,33,10
2332,Visaka Industries,3.8,467,1.7k,31,18
2333,Liberty General Insurance,3.7,467,1.9k,21,2
2334,Atyati Technologies,4.0,467,1.5k,33,1
2335,Tata International,3.4,467,2.1k,24,19
2336,Marble Box,3.7,467,910,29,--
2337,Revent Group,3.8,466,709,17,--
2338,Samsung Display,3.9,467,2.1k,51,--
2339,GHCL Limited,3.9,466,1.6k,37,6
2340,Dana India,4.0,466,1.7k,38,6
2341,smartData Enterprises,3.0,466,1.6k,39,5
2342,Mediamint,2.8,466,2.9k,44,65
2343,LuLu Group International,3.4,466,2.3k,34,1
2344,CommScope,3.8,465,3.1k,41,11
2345,Thales,3.6,465,3.4k,52,158
2346,Hyundai Glovis,3.7,465,1.9k,26,1
2347,Aditya Birla Housing Finance,3.8,466,1.7k,20,--
2348,Paytm Payments Services,3.2,467,1k,19,1
2349,GM Modular,3.8,464,1.9k,27,35
2350,Essjay Ericsson,4.2,465,874,11,--
2351,NKG Infrastructure,3.2,464,1.4k,27,8
2352,Anthem Biosciences,3.9,464,2.6k,37,--
2353,Bandhan Life,3.2,463,1.3k,15,52
2354,Novotel Hotels,4.0,463,1.3k,27,--
2355,Realty Assistant,3.6,463,676,51,16
2356,MKC Infrastructure Ltd.,3.5,463,1.4k,39,10
2357,Bada Business,4.0,462,1.6k,61,539
2358,Yethi Consulting,3.4,462,3.2k,64,4
2359,Aimil Pharmaceuticals,3.6,462,1.8k,24,5
2360,Venky's,3.7,462,1.5k,26,2
2361,Kaynes Technology,3.2,461,1.7k,51,8
2362,ITI,3.6,461,1.4k,40,--
2363,Sulekha.com,3.3,461,1.7k,22,12
2364,CS TECH Ai,4.0,460,1.6k,39,--
2365,Seoyon E-hwa Automotive,3.5,460,2.2k,27,5
2366,Jupiter Hospital,3.9,460,1.6k,23,7
2367,Del Monte Foods,4.0,460,1.5k,18,9
2368,Subex,3.4,460,3.2k,36,32
2369,Iksula,3.2,460,1.9k,34,4
2370,Kiswok Industries,3.3,459,1.8k,41,3
2371,Titagarh Rail Systems,2.7,459,1.8k,35,4
2372,Almarai,4.3,459,834,24,--
2373,Dharampal Premchand,4.3,458,1.3k,25,2
2374,Torrent Gas,3.1,458,2.3k,57,--
2375,Texmaco Rail and Engineering,3.8,458,1.7k,26,16
2376,Prism Cement,4.0,457,1.2k,38,1
2377,Stovekraft,3.9,457,1.8k,33,13
2378,Sahyadri Hospital,4.2,457,1.4k,32,54
2379,Confidence Petroleum India,3.2,457,1.7k,35,6
2380,Loadshare Networks,3.5,457,1.6k,45,16
2381,Indofil Industries,4.1,457,1.9k,19,--
2382,Dow Chemical International Private Limited,3.6,457,2.2k,38,63
2383,Speridian Technologies,3.4,457,3.2k,52,26
2384,Realme,3.7,457,1.5k,32,--
2385,Purplle.com,3.6,457,2k,36,107
2386,Stryker,3.9,456,3.6k,51,61
2387,Flamingo Pharmaceuticals,3.1,456,1.9k,35,32
2388,Vijai Electricals,3.6,455,1.3k,18,1
2389,Pratham Education Foundation,4.1,455,966,16,--
2390,Railtel Corporation Of India,3.6,455,2k,29,--
2391,TresVista,2.4,455,3.1k,140,45
2392,Henkel Adhesives Technologies,4.1,455,2k,22,2
2393,Pocket FM,2.7,455,1.9k,68,11
2394,Bharat Seats,3.7,456,1.6k,32,8
2395,St. Xavier's High School,3.6,456,1.5k,19,34
2396,Eurokids,3.9,455,1.3k,18,1
2397,Kolte Patil Developers,4.1,454,1.9k,22,16
2398,In Time Tec Visionsoft,3.3,454,2.4k,49,15
2399,Kyungshin Industrial Motherson,3.2,454,2.1k,24,--
2400,Kolte Patil Developers,4.1,454,1.9k,22,16
2401,In Time Tec Visionsoft,3.3,454,2.4k,49,14
2402,Grant Thornton Bharat,3.5,454,2.5k,89,--
2403,Prodair Air Products,3.7,454,2.3k,28,--
2404,ByteDance,4.1,453,2.2k,38,10
2405,OLX Autos,3.9,453,1.5k,30,--
2406,Bharat Bijlee,4.2,453,1.6k,25,12
2407,AIRBUS,3.6,453,4.6k,80,1
2408,SISL Infotech,3.5,453,2.4k,23,180
2409,House of EdTech,4.3,453,213,112,20
2410,JNS Instruments,4.0,452,1.8k,34,12
2411,Puravankara,3.4,452,2k,24,25
2412,Portea Medical,3.7,452,1.3k,33,--
2413,Avalara Technologies,2.8,454,3.2k,76,17
2414,Toyota,4.2,452,1.8k,49,--
2415,Paper Boat(Hector Beverages Pvt. Ltd.),3.9,452,1.3k,24,4
2416,Mahle Anand Thermal Systems,4.1,453,1.6k,30,--
2417,RPG Life Sciences,3.7,452,1.6k,15,14
2418,SMEC,3.6,452,1.5k,30,38
2419,Red Hat,4.3,452,3.7k,64,68
2420,Paper Boat(Hector Beverages Pvt. Ltd.),3.9,452,1.3k,24,4
2421,Gaurs Group,4.2,451,1.5k,31,25
2422,Balmer Lawrie,3.6,451,1.9k,33,6
2423,Miracle Software Systems,3.8,450,1.9k,43,34
2424,Khadims,3.6,450,1.3k,17,--
2425,Espire Infolabs,2.4,450,2.5k,27,20
2426,Corona Remedies,4.2,449,1.4k,13,--
2427,CodeClouds,3.9,449,1.2k,56,36
2428,Yusen Logistics,4.0,449,1.8k,16,1
2429,TriGeo Technologies,3.2,449,1.7k,28,--
2430,Gokaldas Exports,3.9,449,1.7k,38,19
2431,Majesco,2.9,448,3.1k,34,32
2432,Orient Craft,3.8,448,1.4k,8,--
2433,Kaya Skin Clinic,3.5,448,1.2k,23,22
2434,Infovision,3.4,448,4k,43,60
2435,LT Foods,3.8,448,1.6k,24,--
2436,TAO Digital,3.6,448,1.4k,117,62
2437,Reliance Infrastructure,4.1,448,2k,30,--
2438,Usha Martin,4.0,448,1.4k,23,--
2439,Karvy Data Management,3.3,447,815,2,--
2440,Rapido,3.5,447,2.3k,42,27
2441,SPAR Hypermarkets,3.9,446,1.3k,24,2
2442,Allegis Group,3.5,446,2.7k,24,1
2443,NetApp,3.7,446,4.2k,76,58
2444,Ashapura Group Of Industries,4.0,445,1.8k,30,4
2445,BSCPL Infrastructure,3.9,445,1.3k,31,4
2446,Honour Lab,3.9,445,1.8k,25,--
2447,Ciena,4.0,445,3.2k,45,--
2448,GS Lab,3.7,445,3.5k,64,--
2449,FabHotels,3.1,445,2k,46,48
2450,Ergode IT Services,3.2,445,1.4k,28,42
2451,TruBridge Healthcare Private Limited,3.9,445,657,146,12
2452,Kataria Automobiles,3.6,446,1.5k,21,3
2453,SBI Capital Markets,3.7,444,2.2k,25,--
2454,NR Switch N Radio Services,3.8,444,1.1k,22,17
2455,Fuji Electric,3.6,444,1.8k,21,7
2456,Birla White,4.1,444,1.2k,39,--
2457,Brembo Brake India,4.1,444,1.6k,22,--
2458,Knack RCM,3.0,444,1.7k,51,17
2459,T.v. Sundram Iyengar & Sons,3.9,444,1.1k,10,--
2460,Midland Microfin Limited,3.5,443,901,35,--
2461,Orion Innovation,3.5,443,3.7k,46,--
2462,Bhagwati Products,3.6,443,1.2k,21,15
2463,NTPC GE Power Services,3.9,443,1.5k,54,--
2464,Zaalima Development,4.3,442,12,153,--
2465,Zscaler Softech,3.3,442,3.1k,83,111
2466,Anunta Technology Management Services,3.4,442,2.2k,39,13
2467,SABIC,4.1,442,1.5k,33,1
2468,AVAYA,3.2,442,2.9k,46,13
2469,H & R Johnson,3.5,441,1.2k,10,--
2470,Mjunction Services,3.9,441,1.8k,26,--
2471,Indian Immunologicals,4.1,441,1.7k,23,2
2472,ELGI Equipments,4.0,441,2.1k,27,59
2473,Cipla Health,4.2,440,1.4k,44,--
2474,AQM Technologies,3.2,441,3.5k,55,18
2475,Montecarlo Construction,4.2,440,1.3k,50,--
2476,Flatworld Solutions,3.3,440,2.9k,32,10
2477,DesignTech Systems,3.4,440,2k,44,18
2478,Flipkart Health+,3.5,439,1.6k,30,--
2479,Polestar Analytics,4.1,439,1.2k,24,12
2480,Nuvama Wealth and Investment,3.3,439,2.4k,19,7
2481,DB Power Limited,4.7,440,745,64,--
2482,Freecharge,3.8,439,2.8k,68,26
2483,Self Practice,4.4,438,6k,69,--
2484,Cimpress,3.8,438,2.9k,70,9
2485,Bengal Beverages,3.1,439,1.4k,35,3
2486,Meyer Organics,3.6,438,1.5k,30,9
2487,PULSUS HealthTech Group,3.2,438,1.3k,35,15
2488,Nagarjuna Fertilizers and Chemicals,4.1,438,1.3k,19,--
2489,Go Colors,3.9,438,1k,13,--
2490,Tata Steel Downstream Products,3.7,438,1.5k,44,5
2491,Deluxe Entertainment,3.5,437,2.5k,38,3
2492,K D Hospital,4.5,437,354,22,25
2493,Infosys Consulting,3.4,437,3.9k,181,--
2494,Konexions Back Office Services,2.7,437,1.6k,36,5
2495,Godrej Jersey,4.0,437,1.3k,26,4
2496,Transasia Bio-Medicals,3.3,436,1.7k,23,12
2497,Dun & Bradstreet,3.0,436,3k,43,16
2498,Ozone Overseas,3.9,436,1.5k,33,22
2499,Regency Hospital Ltd,4.1,436,1.4k,24,10
2500,Vision India Services,4.0,436,1.4k,51,--
2501,Neilsoft,3.0,436,3k,46,27
2502,SoftwareOne,3.8,436,3.6k,52,33
2503,Aptech,3.3,436,1.7k,29,--
2504,Dee Piping System,4.1,436,1.6k,29,1
2505,Falcon Autotech,3.9,436,2k,53,1
2506,Kothari Agritech,4.2,435,720,47,4
2507,IL&FS Engineering and Construction,4.5,435,946,17,6
2508,Rieter,3.4,435,2.3k,31,11
2509,Sunwoda Electronic India Pvt Ltd,4.0,435,1.9k,40,--
2510,LKQ INDIA,3.4,434,2.5k,39,6
2511,Mashreq Global Services,3.1,434,2.4k,29,68
2512,Tata Steel Colors,3.7,434,1.6k,34,6
2513,Fossil Group,3.9,434,2.1k,35,18
2514,Rakuten Symphony,3.6,433,3.5k,43,7
2515,ZTE Corporation,4.0,433,1.2k,21,1
2516,Aker Solutions,4.0,433,2.2k,37,2
2517,Alankit,3.2,433,1.3k,47,8
2518,Reshamandi,3.5,432,593,17,--
2519,360 Realtors,3.5,433,1.5k,36,--
2520,IndusInd Capital,3.9,432,1.9k,20,2
2521,TotalEnergies,3.8,432,1.6k,35,5
2522,NOON.COM,3.2,431,2.7k,58,--
2523,Talbros,3.8,432,1.7k,33,1
2524,Mungi Group,3.9,431,1.8k,24,20
2525,GTL Infrastructure,4.2,431,897,14,--
2526,NIFTEL COMMUNICATIONS,3.7,431,769,92,7
2527,Clean Harbors,3.4,431,2.7k,35,18
2528,Capital Foods,4.2,430,1.3k,32,5
2529,Chettinad Cements,3.9,431,1.9k,39,--
2530,Lambda Therapeutic Research,3.8,430,1.4k,20,20
2531,Western Union,2.8,430,2.7k,39,19
2532,The Indian Hotels Company,4.1,430,1.7k,29,--
2533,Powerweave,3.3,430,1.7k,28,--
2534,Intercontinental Exchange,3.1,430,2.7k,44,--
2535,KLAY Preschool and Daycare,3.6,429,1.4k,45,134
2536,OnePlus,3.7,429,2k,37,--
2537,Paynearby Technologies,3.9,429,1.4k,28,--
2538,Mazagon Dock,4.2,429,1.2k,21,--
2539,Ind-Swift Laboratories,3.9,429,1.6k,21,14
2540,Premium Transmission,3.4,429,1.9k,52,13
2541,Kutchina,3.4,429,1.2k,15,2
2542,IIMI Image Management Private Limited,4.1,428,559,56,1
2543,Honeywell International India,4.0,428,2.5k,39,--
2544,Theobroma Foods,3.9,429,1.3k,25,38
2545,Nexteer Automotive,3.8,428,2.6k,28,--
2546,Tyger Capital,4.0,428,1.3k,29,15
2547,Freyr Solutions,3.6,428,2.7k,33,2
2548,Zypp Electric,3.9,428,972,34,3
2549,Ami Lifesciences,3.8,428,1.8k,21,--
2550,Le Méridien,4.2,427,1.2k,22,--
2551,State Street Bank,3.5,427,3.1k,18,--
2552,Ramada,3.9,427,1k,20,3
2553,CWT,3.4,427,1.4k,8,--
2554,Bonfiglioli Transmissions Limited,3.6,427,1.7k,36,16
2555,ARMSOFTECH.AIR,3.3,427,1.4k,29,--
2556,ABCI Infrastructures,3.4,427,6.9k,78,3
2557,FM LOGISTIC,4.0,426,1.3k,31,1
2558,Webkul Software,3.9,426,1.4k,86,5
2559,Entrata,3.9,426,2.4k,42,7
2560,Educomp Solutions,3.3,426,643,5,--
2561,Calsoft,2.7,426,3.7k,56,38
2562,Entrata,3.9,426,2.4k,42,7
2563,Tata Steel Utilities and Infrastructure Services,3.6,426,1.2k,39,--
2564,Mymd Healthcare,4.2,426,402,26,--
2565,Impact Guru,3.6,426,1.6k,50,67
2566,Citykart Retail,3.7,425,1k,26,2
2567,NeoGrowth Credit,3.0,425,1.8k,27,5
2568,Mahindra Lifespace Developers,4.1,425,1.8k,27,13
2569,Indian Institute of Technology Gandhinagar,4.1,425,2.5k,25,--
2570,Adani Logistics,3.7,424,1.8k,16,--
2571,YKK,3.7,424,1.4k,27,--
2572,Vcare Trichology,3.6,424,1.9k,44,31
2573,ZUCOL Services,3.8,424,737,109,10
2574,Thrillophilia,3.7,424,908,37,17
2575,Nous Infosystems,3.5,424,3.4k,49,23
2576,Groupon,3.0,424,2.4k,46,3
2577,Siyaram Silk Mills,4.0,424,1.5k,23,16
2578,Yutika Natural,3.4,423,979,23,7
2579,AppInventiv Technologies,4.0,423,2.6k,82,14
2580,B.C. Jindal Group of Companies,3.9,423,1.1k,29,--
2581,Tessolve,3.3,423,2.8k,65,21
2582,Ingersoll Rand,3.8,423,2.5k,37,9
2583,Samsung C&T,4.2,423,1.4k,14,1
2584,A. O. Smith India Water Products Private Limited,3.6,423,1.4k,21,7
2585,Asian Granito India,3.5,422,1.5k,16,2
2586,Carrier Midea,3.6,422,1.8k,19,6
2587,Jyoti CNC Automation,3.9,422,1.4k,26,12
2588,Statusneo,3.9,422,1.5k,138,20
2589,e2open,3.5,422,3.5k,63,--
2590,RSWM Limited,4.1,422,1.3k,19,25
2591,UNIVO Education,3.4,422,1.5k,35,2
2592,Medica Superspecialty Hospital,3.8,422,1.5k,20,122
2593,Eurofins It Solutions,2.9,422,3.4k,67,1
2594,Baramati Agro,3.8,422,1.5k,29,4
2595,Chambal Fertilisers And Chemicals,3.8,421,1.6k,29,--
2596,National Bulk Handling Corporation,4.0,422,1.1k,22,6
2597,Arvind Fashions,3.8,421,1.8k,22,--
2598,National Organic Chemical Industries,3.8,421,1.8k,34,5
2599,Haldia Petrochemicals,3.8,421,1.9k,42,--
2600,Chambal Fertilisers And Chemicals,3.8,421,1.6k,29,--
2601,Dodsal Engineering & Construction,4.5,420,684,16,--
2602,Flipkart Wholesale,3.8,420,1k,69,1
2603,Axis Finance,3.8,420,2k,24,218
2604,Bmm Ispat,3.9,420,1.5k,35,4
2605,Nettur Technical Training Foundation,3.6,420,1.2k,27,5
2606,Fitelo,3.3,420,730,48,--
2607,Mann And Hummel Filter,3.9,420,1.7k,22,19
2608,Capital Trust,3.4,420,874,23,2
2609,Secure Value,3.3,420,906,20,--
2610,Orient Bell,3.4,420,1.5k,23,6
2611,Prolifics Corporation,3.6,419,2.5k,64,20
2612,International Automotive Components,3.9,419,2k,25,2
2613,Nidec Corporation,3.6,419,1.6k,27,6
2614,Skillmine Technology Consulting,3.9,419,1.6k,45,--
2615,Marksans Pharma,3.3,419,1.7k,28,10
2616,Tutopia,4.5,421,407,235,1
2617,IMS People,3.5,418,2.2k,44,--
2618,Novartis Healthcare,4.1,418,3.1k,22,4
2619,Systems Plus,4.2,418,1.6k,32,53
2620,IMS People,3.5,418,2.2k,44,--
2621,FCm Travel Solutions,3.2,418,1.6k,14,12
2622,Aculife Healthcare,3.0,419,1.5k,33,6
2623,Indian Political Action Committee,2.9,417,1.8k,50,--
2624,Tagros Chemicals,3.6,417,1.9k,40,14
2625,Metrochem Api,3.1,417,1.9k,32,8
2626,Imarticus Learning,4.0,417,1.2k,31,10
2627,India Nippon Electricals,3.8,417,1.6k,23,6
2628,TCL,4.1,417,2k,46,--
2629,Spice Money,4.1,417,1.5k,35,2
2630,Pole To Win,3.2,417,2k,61,5
2631,Ensono,4.1,416,2.5k,31,77
2632,Shiprocket Private Limited,3.4,416,2.8k,59,41
2633,Silver Touch Technologies,3.1,417,2.5k,33,11
2634,Lotte India Corporation,4.0,417,1.4k,31,53
2635,Samsonite,4.0,416,1.4k,16,9
2636,Spoton Logistics,4.4,415,1.1k,18,--
2637,Desun Hospital & Heart Institute,3.8,418,1.1k,29,13
2638,MyMoneyMantra,3.1,415,1.8k,15,--
2639,Hero Housing Finance,3.8,415,1.6k,23,10
2640,MyMoneyMantra,3.1,415,1.8k,15,--
2641,Havmor Ice Cream,4.1,414,1.3k,30,--
2642,Aramex,3.3,414,1.2k,26,1
2643,Franchise India Brands,3.0,415,1.3k,42,7
2644,Astra Microwave Products,3.9,414,2.1k,32,4
2645,Magus Customer Dialog,3.7,414,790,12,3
2646,ArisGlobal,2.8,414,3k,42,4
2647,Bangalore International Airport,4.3,414,1.5k,35,9
2648,Aizant Drug Research Solutions,3.9,414,1.3k,20,12
2649,Aka Logistics,3.2,414,1.4k,39,5
2650,TTK Healthcare,4.1,414,1.3k,18,11
2651,IDS Infotech,3.1,413,1.4k,51,9
2652,DataMetica,3.2,413,2.8k,49,23
2653,Essar Group,3.7,413,1.8k,33,--
2654,Willis Towers Watson,3.7,413,7.8k,118,28
2655,Zealous Services,2.7,413,1.1k,22,--
2656,CogentHubCX.AI,3.2,413,838,35,33
2657,Uniparts Group,3.6,412,1.5k,21,3
2658,Shyam Sel & Power,3.7,412,1.4k,57,--
2659,Rama Medical College Hospital & Research Centre,3.8,414,1.2k,39,--
2660,Rama Medical College Hospital & Research Centre,3.8,414,1.2k,39,--
2661,Qwik Supply Chain,3.9,412,1.1k,28,--
2662,Motilal Oswal Private Wealth Management,4.5,411,272,83,14
2663,Echobooom Management & Entrepreneurial Solutions,3.6,411,473,110,31
2664,Apex Laboratories,3.9,411,1.9k,25,5
2665,Win Medicare,4.1,411,982,24,--
2666,Bonace Engineers,4.0,411,1.2k,35,--
2667,Saama Technologies,3.7,411,3.6k,60,12
2668,PC Jewellers,3.8,411,946,25,4
2669,SirionLabs,3.8,411,1.9k,29,17
2670,Odessa,3.6,411,2.4k,46,--
2671,Buhler,3.8,411,1.9k,33,--
2672,Sagar Cements,4.3,410,1.4k,39,--
2673,Schoolnet India,3.9,410,1.1k,24,33
2674,myGate,2.9,410,2.3k,33,25
2675,Aliens Group,3.9,410,1.3k,44,6
2676,The Belgian Waffle co,4.5,410,699,58,2
2677,Venus Remedies,4.2,410,1k,42,27
2678,Black Knight,3.5,410,2.7k,29,--
2679,Haleon,3.5,410,1.5k,52,31
2680,Fortis Escorts Hospital,4.3,409,951,21,--
2681,SHARE Microfin,4.1,409,553,22,--
2682,Recpdcl.ltd,4.0,409,848,17,--
2683,M Baazar,3.9,409,894,33,14
2684,Roca Bathroom Products,3.7,409,1.4k,23,--
2685,Owens Corning,3.6,408,1.8k,21,1
2686,Gujarat Ambuja Exports,3.4,408,1.5k,23,6
2687,Indus Net Technologies,3.1,408,2k,35,--
2688,HealthKart,3.8,408,2k,30,39
2689,Ashiana Housing,4.0,408,1.5k,34,13
2690,ANR Software Private Limited,4.1,408,1.1k,37,16
2691,Oberoi Realty,4.3,408,2k,21,24
2692,Larsen & Toubro Group,4.1,407,1k,96,--
2693,Indian Space Research Organisation,4.6,407,1.3k,24,--
2694,V-Xpress,3.9,407,1.1k,22,--
2695,ITC Limited - Paperboards Specialty Papers Division,3.9,407,1.6k,19,3
2696,Onsitego,3.7,407,1.3k,19,10
2697,STUDDS Accessories Limited,4.0,407,1.3k,58,2
2698,P.D. Hinduja National Hospital and Medical Research Centre,3.8,407,2.4k,28,25
2699,Core Integra Consulting Services,3.4,406,1.3k,25,--
2700,Viva Composite Panel,4.5,406,590,99,26
2701,Al Turki Enterprises,3.5,406,957,16,--
2702,L&T Heavy Engineering,3.8,406,819,31,--
2703,Samsung SDS,3.0,406,2.7k,31,--
2704,Universal Corporation,3.7,405,1.3k,22,2
2705,ABC Consultants,3.9,405,26.8k,241,--
2706,GRT Jewellers,4.0,405,1.5k,30,8
2707,Eversendai,3.6,405,1.5k,32,--
2708,Roop Automotives,4.2,405,1.3k,30,--
2709,Global Indian International School,4.2,405,1k,19,74
2710,Virchow Biotech,3.4,405,1.7k,26,--
2711,Gravita,4.4,404,1.1k,63,52
2712,Invensis Technologies,3.5,404,1.9k,33,1
2713,Hexagon Nutrition,4.1,404,1k,19,10
2714,Tekion,3.0,404,5k,116,95
2715,Himatsingka Seide,3.5,403,1.5k,30,10
2716,BPTP,4.2,403,1.3k,27,9
2717,PowerSchool India,3.3,403,2.9k,47,13
2718,Acadecraft,3.6,403,873,58,6
2719,Penna Cement Industries,4.1,403,1.5k,13,--
2720,Piramal Swasthya,4.1,404,972,21,5
2721,Daimler Truck,3.6,404,2.8k,41,1
2722,ICFAI University,3.6,403,871,23,--
2723,Pearson Education India,3.9,403,1.7k,9,65
2724,Motherhood Hospital,3.6,402,1.7k,21,194
2725,CES,3.4,402,2.5k,58,17
2726,Raptakos Brett and Company,3.4,402,1.5k,23,2
2727,Indigo Paints,3.8,402,1.5k,30,--
2728,PGP Glass,4.0,402,1.3k,35,4
2729,Ipsos,3.2,402,2.5k,42,10
2730,Enphase Energy,2.6,402,3k,56,47
2731,Accelya Solutions India Limited,3.4,402,2.7k,51,28
2732,RCM,4.2,402,668,55,6
2733,Merck,4.0,402,2.6k,20,2
2734,SMFG India Home Finance Co,3.7,401,986,27,--
2735,V-bazaar Retail,3.9,401,916,35,--
2736,Bses Yamuna Power,3.7,401,1.4k,25,--
2737,Venkateshwara Hatcheries,3.7,401,1.5k,12,--
2738,Starbucks,4.1,401,1.1k,38,--
2739,Copeland,3.9,401,2.3k,25,38
2740,V-bazaar Retail,3.9,401,916,35,--
2741,Kailash Hospital,3.9,401,1k,22,52
2742,Munjal Showa,3.2,400,1.2k,19,7
2743,Greet Technologies,2.6,400,1.2k,39,3
2744,Gold Plus Glass,3.4,400,1.5k,21,17
2745,Etech Global Services,3.6,400,1.8k,44,25
2746,VRB Consumer Products Private Limited,4.1,400,1.3k,23,15
2747,MAYORA,3.9,400,954,24,--
2748,Group Bayport,4.1,403,1.1k,37,13
2749,Kanpur Fertilizers & Chemicals,3.6,401,1.2k,35,--
2750,NCSI Technologies Pvt Ltd,3.7,400,1.8k,64,10
2751,Oda Class,3.0,400,672,28,--
2752,American Axle & Manufacturing,4.3,400,1.5k,26,--
2753,Accel Frontline,4.3,400,765,7,--
2754,RDC Concrete (India),4.0,400,1.3k,38,3
2755,Uplers,3.7,400,1.7k,45,4
2756,HYT Engineering Company Pvt Ltd,3.2,400,1.4k,37,30
2757,Azentio,3.1,399,3.6k,47,--
2758,GE Vernova T&D India,4.1,399,1.6k,9,--
2759,Gtpl Hathway,4.0,399,1.8k,28,10
2760,Bank of Maharashtra,3.2,399,1.4k,18,--
2761,Manhattan Associates,3.4,399,3.5k,43,3
2762,SKH Y-TEC,3.8,398,1.3k,31,--
2763,Unilever Global,3.6,398,660,31,--
2764,Indian Overseas Bank,3.2,398,996,17,--
2765,Flyjac Logistics,4.0,398,1.3k,8,1
2766,Indiafilings,3.9,398,1.1k,147,5
2767,MRF Vapocure Paints,4.0,398,1.3k,32,--
2768,ClearTax,3.0,398,2.2k,50,41
2769,Sunstone,3.7,398,1.7k,26,35
2770,Karvy DigiKonnect,3.2,398,1.3k,8,--
2771,Welspun Flooring,3.8,397,1.2k,22,--
2772,Mahindra Last Mile Mobility,3.7,397,1.1k,22,--
2773,Connectwise India,3.4,397,2.9k,60,27
2774,Jubilant Biosys,3.6,397,2k,42,34
2775,National Fertilizers,4.4,397,1.1k,29,--
2776,Tirumala Milk Products,4.2,397,1.1k,33,10
2777,Ess Kay Fincorp,4.2,397,965,13,20
2778,Hanon Systems,4.0,397,1.6k,16,2
2779,Balaji Wafers,4.4,397,1.2k,32,5
2780,Broadcom,3.3,396,3.1k,45,17
2781,Supertech,3.9,396,1.6k,18,--
2782,Christian Medical College,4.1,396,1.3k,13,17
2783,Federal Mogul Goetze,4.0,396,1.4k,17,--
2784,Amri Hospital,4.0,395,1.2k,27,--
2785,Hajee A P Bava Construction,3.8,395,963,14,--
2786,SML Isuzu,4.2,395,1.4k,29,7
2787,Hindustan Foods,3.6,394,1.8k,33,9
2788,Scientific Publishing Services,3.7,394,1.3k,18,--
2789,Mintifi,3.5,394,1k,22,--
2790,Cheil India,2.9,394,2k,19,9
2791,Aeries Technology,3.2,394,2.4k,32,94
2792,Bajaj Auto Credit,3.9,394,868,13,--
2793,eNoah iSolution,3.8,394,2.2k,33,19
2794,Icertis,3.2,394,3.2k,56,29
2795,Workcell Solutions,3.6,393,1.3k,28,--
2796,TVS Mobility,4.0,393,1.4k,37,7
2797,Dixit Infotech Services,3.6,393,1.4k,27,29
2798,Sarvodaya Hospital,3.7,392,1.4k,20,41
2799,Kcc Buildcon,4.0,392,1.4k,32,5
2800,Mindlance,3.7,392,1.6k,29,--
2801,UCAL Fuel Systems,3.9,392,1.4k,12,2
2802,The Phoenix Mills,3.8,392,1.8k,25,27
2803,Park Hospital,3.6,392,1.3k,28,26
2804,Indian Metals & Ferro Alloys,3.7,392,1.5k,16,2
2805,CMA CGM Global Business Services,4.0,393,2k,32,--
2806,Joyalukkas,3.7,392,974,41,4
2807,Wonderla Holidays,4.5,391,1.1k,40,58
2808,Nyati Group,4.1,391,1.4k,37,3
2809,D.p. Jain & Co. Infrastructure Pvt .,3.1,391,1.3k,31,--
2810,Mantra Properties,4.3,391,919,39,18
2811,AccorHotels,4.3,391,1.2k,22,--
2812,SPRINKLR,2.9,391,3.9k,115,53
2813,Bharat Aluminium Company (BALCO),4.0,391,1.6k,35,--
2814,GMR Hyderabad International Airport,4.0,391,1.3k,21,--
2815,Mettler-Toledo,3.6,390,2k,27,5
2816,Shree Baidyanath Ayurved Bhawan,3.9,391,1.2k,34,6
2817,CEVA Logistics,3.7,390,1.4k,13,--
2818,Publicis,3.5,390,4k,57,--
2819,Adroit Synergies,3.3,390,1.2k,45,27
2820,JBS Enterprises,3.2,389,1k,27,5
2821,Arjas Steel,3.8,389,1.3k,24,--
2822,Transact Global,4.6,390,414,95,19
2823,Netlink Software,3.3,389,2.2k,23,14
2824,Kuehne + Nagel,3.6,389,1.7k,25,--
2825,Air Liquide,3.7,389,1.6k,31,57
2826,Triumphant Institute of Management Education,3.6,389,1.3k,16,65
2827,Glaze Trading India,4.3,388,896,17,--
2828,Vidal Health Tpa,3.4,388,1.2k,29,12
2829,Hexagon Capability Center,4.0,388,2.8k,42,6
2830,Burns & McDonnell,4.1,388,2.3k,53,18
2831,VIT University,4.0,388,1.5k,33,76
2832,ABM Knowledgeware,3.7,388,1.5k,33,6
2833,The Hans Foundation,4.2,388,737,39,119
2834,GSP Crop Science,4.0,387,1.4k,31,16
2835,Moolchand Hospital,4.1,387,752,21,18
2836,Thyssenkrupp Industrial Solutions,4.2,387,1.4k,23,--
2837,Bosch Rexroth India,3.9,387,1.5k,20,--
2838,XL Health,4.2,385,1.5k,23,--
2839,Sangeetha Mobile,3.6,386,1.5k,20,1
2840,Examity,3.3,386,1.8k,36,3
2841,Kennametal,3.5,386,1.9k,31,1
2842,CANTABIL RETAIL INDIA,4.0,386,1.1k,28,7
2843,Jamna Auto Industries,3.9,386,1.6k,20,2
2844,Nuziveedu Seeds,3.8,386,1.2k,33,3
2845,Healthcare At Home,3.7,386,1.3k,30,16
2846,Wellness Forever Lifestyle Chemist,3.9,386,1.1k,28,--
2847,Parksons Packaging,4.1,386,1.4k,17,1
2848,Merck Life Science,4.0,386,2.7k,22,1
2849,Sumitomo Chemical,4.0,385,1.5k,20,46
2850,Konecranes,3.8,385,1.8k,23,3
2851,Sleek International,3.5,385,1.2k,31,--
2852,Jeeves Consumer Services,3.5,385,873,34,4
2853,Cooper Corporation,3.9,384,1.4k,52,18
2854,Dynacons Systems & Solutions,3.8,384,1.3k,26,31
2855,Nissan,3.5,384,1.8k,28,6
2856,CapeStart,4.5,384,627,79,31
2857,SRM University,3.6,384,1.5k,31,2
2858,Rosmerta Technologies,3.4,384,1.7k,32,--
2859,BCH Electric,4.0,384,1.4k,22,20
2860,Adani Infra,3.8,384,1.5k,40,--
2861,Alfanar,4.0,384,930,24,12
2862,Thermax Babcock Wilcox Energy Solutions,4.1,384,1.8k,25,--
2863,Karamtara Engineering Limited,3.6,384,1.5k,42,12
2864,Auro Realty Private Limited,4.3,384,1.5k,27,17
2865,Kaddacon Systems,4.6,383,--,18,--
2866,Vectus Industries,4.1,382,1.3k,19,3
2867,Repco Home Finance,3.5,384,1k,19,2
2868,Dorf Ketal Chemicals,4.0,383,1.8k,23,8
2869,AgreeYa Solutions,3.2,383,2.4k,26,44
2870,Agilent Technologies,4.0,383,2k,23,83
2871,S. M. Auto Engineering,3.4,383,1.5k,26,1
2872,Hike Education Private Limited,4.2,383,691,125,3
2873,Xdbs,2.7,382,1.6k,38,--
2874,Teamspace Financial Services,3.9,382,1.2k,21,--
2875,Alfa Laval,3.9,382,1.9k,35,33
2876,Call 2 Connect,2.5,382,1k,19,2
2877,Evoke Technologies,3.7,382,2.9k,29,23
2878,Diverse Lynx,3.5,382,2k,23,3.6k
2879,Bharat Rasayan,4.0,382,1.6k,34,--
2880,Diverse Lynx,3.5,382,2k,23,3.6k
2881,Call 2 Connect,2.5,382,1k,19,2
2882,Alfa Laval,3.9,382,1.9k,35,34
2883,Bharat Rasayan,4.0,382,1.6k,34,--
2884,Evoke Technologies,3.7,382,2.9k,29,23
2885,Srei Equipment Finance,4.2,382,1k,11,--
2886,Coronis Health,3.4,381,1.2k,28,2
2887,Runwal Group,3.9,381,1.8k,26,--
2888,Europa Locks,3.6,381,1.7k,25,37
2889,Ryan,3.9,381,1.7k,32,9
2890,Fosroc India,4.3,381,1.4k,26,2
2891,Dimension Data,4.5,381,1.2k,8,--
2892,Duroshox,4.1,380,1k,19,3
2893,US Tech Solutions,3.6,380,2.1k,22,2
2894,S2 Infotech,3.5,380,1.6k,13,--
2895,Euler Motors,3.7,380,1.6k,42,17
2896,Foundit,3.3,380,2k,35,5
2897,LeadSquared,2.7,380,3.1k,69,50
2898,Neuberg Diagnostics,3.4,380,1.6k,17,13
2899,Kirloskar Toyota Textile Machinery,4.5,380,802,21,--
2900,Elentec Power India (EPI) Pvt. Ltd.,3.8,380,1.4k,38,24
2901,Indraprastha Gas,3.8,379,1.7k,21,--
2902,Muthoot Housing Finance Company,4.2,379,1.2k,30,13
2903,PropTiger.com,3.8,379,1.3k,24,--
2904,Acme Generics LLP,3.4,379,1.2k,15,--
2905,AQuity Solutions India,3.7,379,2k,40,--
2906,SMS India Private Limited,4.1,379,1.8k,31,--
2907,Hurix Digital,3.3,379,1.8k,37,18
2908,Kores,3.6,378,1.7k,20,13
2909,Jade Global,3.4,378,3.1k,46,216
2910,Shakti Pumps,3.7,378,1.4k,40,74
2911,Expedia Group,3.7,378,3.5k,87,57
2912,TrueBlue,3.6,378,2.3k,29,8
2913,Polybond India,3.8,377,1.4k,16,18
2914,Watertec India,3.8,377,1.3k,15,4
2915,Eisai Pharmaceuticals,4.0,378,1.3k,23,--
2916,Mobileum,3.2,377,2.3k,42,--
2917,Richa Global Export,4.0,377,1.4k,18,--
2918,Berkadia,3.8,377,2.2k,32,5
2919,Intelliswift - An LTTS Company,3.3,377,2.3k,32,3
2920,G. D. Foods MFG (TOPS),3.8,377,963,24,15
2921,Everest Spices,3.8,376,1.1k,17,1
2922,Helloverify,2.8,376,1.5k,35,--
2923,Intercontinental Consultants & Technocrats,4.1,376,1.1k,30,3
2924,OodlesTechnologies,3.3,376,1.5k,78,11
2925,Heavy Engineering Industries & Shipbuilding,3.9,376,645,15,--
2926,Milkbasket,3.9,376,1.6k,27,--
2927,ANTOLIN,3.7,376,1.7k,28,6
2928,KaaShiv InfoTech Company,4.8,375,221,37,--
2929,Paragon Footwear,4.0,376,1.3k,17,4
2930,Methodex,3.7,377,1.3k,15,13
2931,Karvy Innotech,2.9,375,1.8k,31,13
2932,Labournet Services,3.9,375,890,22,--
2933,Gps Renewables,4.1,375,822,87,6
2934,Sandvik Mining and Rock Technology,4.1,375,1.6k,31,--
2935,Nobel Hygiene,3.7,375,1.2k,22,19
2936,Moser Baer,3.9,374,683,9,--
2937,Agarwal Packers and Movers Limited,3.4,374,1.6k,18,18
2938,Smartworks,3.3,374,2.2k,45,58
2939,Arcesium,3.3,374,3.7k,90,24
2940,Agarwal Packers and Movers Limited,3.4,374,1.6k,18,18
2941,Moser Baer,3.9,374,683,9,--
2942,Krishna Group,4.0,373,1.5k,31,6
2943,Sedemac Mechatronics,3.9,373,1.5k,35,2
2944,Navi Technologies,3.0,373,2.3k,67,24
2945,JUSTO Realfintech,4.5,373,643,124,35
2946,Marelli Motherson Automotive Lighting,3.6,373,1.3k,26,--
2947,Imarque Solutions,3.0,373,1.4k,17,43
2948,The Hershey Company,4.0,373,1.2k,22,25
2949,Descon Engineering,4.0,373,662,22,--
2950,IPE Global,3.8,373,1.1k,26,44
2951,Sharda University,3.7,373,1.6k,24,--
2952,MCM Telecom Equipment,3.8,373,874,17,--
2953,Enterprise Growth Accelerator,3.5,372,628,11,--
2954,Synokem Pharmaceuticals,3.9,372,1.5k,16,6
2955,Medline Industries India Private Limited,3.8,373,2.6k,47,2
2956,Epsilon Carbon,3.8,371,1.8k,38,2
2957,Técnicas Reunidas,3.9,371,1.6k,35,--
2958,Andromeda Sales ans Distribution PVT LTD,3.2,372,1.5k,20,2
2959,Mahendra’s Institute,3.1,371,693,10,1
2960,Aquasub Engineering,3.8,371,1.3k,9,1
2961,Zara,3.4,371,833,41,--
2962,MSCI,3.7,372,3.5k,57,71
2963,Satyam Venture Engineering Services,3.3,371,2.4k,25,69
2964,Siemens Healthcare,4.0,371,2.3k,11,--
2965,Ambuja Neotia,3.9,371,1.3k,16,1
2966,NTT Global Data Centers and Cloud Infrastructure,4.0,370,2k,27,--
2967,Rubicon Research,3.5,370,1.8k,28,19
2968,SRMB SRIJAN,3.5,371,1.1k,34,49
2969,Cashpor Micro Credit,3.6,370,827,26,--
2970,Slice,3.1,370,2.2k,53,8
2971,Pharmarack Technologies,3.5,370,1.7k,33,3
2972,SYSTRA,4.0,370,1.4k,29,--
2973,Toshiba JSW Power Systems,4.2,370,1.6k,22,14
2974,Trident Hotels,4.0,370,978,18,--
2975,Maxxis Rubber,3.5,370,1.8k,32,1
2976,Johnson Controls Hitachi Air Conditioning,3.7,369,1.6k,23,--
2977,Hathi Cement,4.0,370,1.2k,24,8
2978,Teachnook,2.8,369,415,91,--
2979,Hilex,3.8,369,1.1k,18,9
2980,Veeda Clinical Research,3.4,369,1.5k,12,13
2981,Bss Microfinance,3.8,369,820,15,--
2982,Associated Road Carriers,4.1,369,1.2k,25,3
2983,Department of Agriculture,4.3,369,1.2k,47,--
2984,HBL Global,4.3,369,370,9,--
2985,Servion Global Solutions,3.1,369,2.5k,36,13
2986,Yellow Diamond,4.0,369,1k,23,7
2987,Hyundai Engineering and Construction,4.3,368,534,24,--
2988,Royal Orchid Hotels,4.0,368,942,14,11
2989,Wildcraft,3.7,368,1.5k,13,--
2990,Caparo Maruti,4.2,367,1.2k,13,--
2991,Tata Toyo Radiator,3.7,367,1.5k,19,--
2992,Lauritz Knudsen Electrical & Automation,4.1,367,1.5k,23,--
2993,Jawahar Navodaya Vidyalaya,4.5,367,510,19,--
2994,TCG Lifesciences,4.1,367,1.2k,14,1
2995,EXEDY,3.8,367,1.5k,24,3
2996,Bliss Gvs Pharma,4.0,367,1.6k,30,3
2997,Subway,4.2,367,816,26,--
2998,Berar Finance,3.5,366,960,22,--
2999,Concord Biotech,3.7,366,1.9k,22,9
3000,Birla Cement,4.1,366,1.1k,29,--
3001,Civica India,3.1,366,2.1k,37,12
3002,T&M Services consulting,3.7,366,1.1k,23,--
3003,Sunflag Iron and Steel,3.7,366,1.2k,31,9
3004,Priya Cement,4.1,366,1.1k,17,--
3005,ITSource Technologies,2.8,365,1.8k,30,--
3006,Suzuki,3.8,365,1.2k,38,--
3007,Sri Aurobindo Society,4.1,365,740,53,--
3008,Centre For Sight,3.9,365,1.3k,18,27
3009,RedBus,4.1,365,2k,42,2
3010,K L University,3.8,365,1.1k,46,8
3011,Udaan India - The Original Visa Company,4.3,364,1.5k,23,--
3012,Offshoot Agency,3.4,364,1.2k,27,--
3013,Evolent Health International,3.9,364,1.7k,29,4
3014,Amoli Organics,3.7,364,1.9k,16,--
3015,Hollister Medical,4.0,364,1.1k,26,12
3016,Watchyourhealth.com,4.6,364,360,54,2
3017,GE Aerospace,4.1,364,1.7k,23,--
3018,AIMLAY,4.7,369,404,16,17
3019,Tega Industries,3.7,364,1.5k,27,5
3020,Rainbow Hospital,3.7,364,1.5k,20,--
3021,Data-Core Systems,2.9,364,1.2k,22,20
3022,Rahee Group,4.0,364,1.1k,37,22
3023,Offshoot Agency,3.4,364,1.2k,27,--
3024,Evolent Health International,3.9,364,1.7k,29,4
3025,Planetcast,3.7,364,1.5k,31,--
3026,Bellsonica Auto Component,3.9,364,1.3k,24,1
3027,Lido Learning,2.1,363,1.5k,55,--
3028,Sj Contracts,4.2,363,1.2k,25,3
3029,Capital Small Finance Bank,3.7,363,1.3k,11,3
3030,Indifi Technologies,3.6,363,1.8k,41,21
3031,Cedcoss Technologies,3.0,363,1.9k,52,17
3032,RSM US in India,3.4,363,3.3k,48,598
3033,Tata Digital,2.4,363,2k,49,11
3034,Time Technoplast,3.8,362,1.8k,15,5
3035,Vedant Fashions,4.2,362,1.2k,22,25
3036,Transguard Group,3.8,362,482,20,--
3037,Awign Enterprises,3.6,362,1.1k,46,54
3038,Pranav Vikas India Private Limited,3.7,363,1.2k,33,1
3039,Toshiba Transmission & Distribution Systems,4.0,362,1.7k,25,22
3040,Apcer Life Sciences,3.5,362,1.3k,23,--
3041,Kokuyo Camlin,3.8,362,1.1k,25,6
3042,SATTVA,4.2,361,1.6k,30,1
3043,GGS Information Services,3.8,361,2k,29,2
3044,Zoomcar,3.7,361,1.6k,24,--
3045,Endava,3.5,362,2.4k,26,1
3046,Captain Steel India Limited,3.8,362,880,22,19
3047,Eclat Health Solutions,3.8,361,1.2k,64,37
3048,Ample Technologies,3.7,361,1.5k,25,33
3049,Wagh Bakri Tea Group,4.3,361,1.2k,28,7
3050,Utkarsh India,3.7,360,1.2k,52,--
3051,Treebo Hotels,3.2,360,1.4k,28,120
3052,RNFI Services,3.2,360,1k,19,--
3053,Capri Global Housing Finance,3.5,360,1.1k,23,--
3054,Audi,3.7,360,1.2k,16,--
3055,Tribhovandas Bhimji Zaveri,4.0,360,1.1k,8,3
3056,Avineon India,4.0,360,1.4k,31,1
3057,SEIL Energy India,4.0,359,1.4k,18,--
3058,Ryan International School,3.1,359,977,19,--
3059,Apmosys Technologies,3.2,359,2.7k,54,14
3060,Adarsh Credit Co-Operative Society,4.4,359,530,5,--
3061,Hitachi Vantara,3.5,359,5.3k,6,13
3062,Learning Routes,4.5,359,416,96,6
3063,Brick&Bolt,3.5,359,1.3k,38,24
3064,Health India Tpa Services,3.3,359,1.4k,25,10
3065,NCCCL,3.4,359,1.1k,18,2
3066,N Ranga Rao And Sons,3.9,359,949,14,2
3067,Wipro GE Health Care,4.0,359,1.6k,17,--
3068,Mitra SK,3.9,360,1k,15,3
3069,Actalent Services,3.7,360,1.7k,24,1
3070,Phenom,3.6,359,2.2k,63,28
3071,Hays Business Solutions,3.3,359,1.9k,22,11
3072,Ssipl Lifestyle,4.1,358,949,6,8
3073,Uneecops Technologies,3.7,358,2.1k,20,4
3074,Hitachi Hi-Rel Power Electronics,3.8,358,1.6k,24,14
3075,Lumino Industries,3.7,358,1k,23,2
3076,Ultra Corpotech,4.0,358,1.8k,24,7
3077,Schaeffer & Sam,3.3,358,763,13,--
3078,Adani Electricity,3.5,358,1.7k,24,--
3079,Syncfusion,3.4,359,2.1k,55,--
3080,Aarti Drugs,3.4,358,1.5k,24,--
3081,Pegasystems,3.6,358,3.2k,32,93
3082,Qentelli,3.6,358,1.8k,27,78
3083,Ben Franklin Opticians,3.9,358,804,25,--
3084,Lalitha Jewellery,3.9,357,1k,22,5
3085,Emami Paper Mills,4.1,357,816,54,3
3086,Gujarat Alkalies & Chemicals,4.6,357,1.5k,28,10
3087,Vini Cosmetics,3.9,358,837,16,--
3088,Mobiloitte Technologies,2.9,357,1k,35,7
3089,Holcim,3.5,357,1.9k,24,25
3090,Dorset Industries,4.3,357,903,77,8
3091,OneSource Specialty Pharma Limited,3.8,356,1.7k,43,--
3092,HL Mando,4.0,359,1.3k,21,--
3093,Harjai Computers,3.2,356,1.7k,36,--
3094,Computacenter,3.9,356,2.6k,44,4
3095,DotPe,3.1,355,1.6k,43,--
3096,VST Industries,3.7,355,1k,17,--
3097,TRL Krosaki Refractories,3.8,355,1.6k,35,24
3098,New Opportunity Consultancy,4.1,355,968,9,80
3099,Technocon Services,3.3,355,874,48,2
3100,Yamaha Motor India Sales,4.1,355,973,16,1
3101,McNROE,3.9,355,1.1k,23,8
3102,Ventura Securities,4.0,355,1.3k,33,11
3103,INOX Air Products,4.0,355,1.7k,24,--
3104,The Park Hotels,3.9,355,1.2k,10,--
3105,VXI Global Solutions,3.3,354,931,28,4
3106,Vaibhav Global,3.1,355,1.5k,26,17
3107,TMF Group,3.7,354,1.8k,28,112
3108,Medall Healthcare,3.6,354,1.1k,6,6
3109,Carraro,4.0,353,1.4k,15,--
3110,Debtcare Enterprises,4.3,353,309,13,1
3111,NR Consulting,4.6,353,298,73,55
3112,Lloyds Metals And Energy,3.8,353,1.3k,38,--
3113,MAHLE Behr India,3.6,353,867,13,18
3114,DEN Networks,3.8,353,1.5k,14,--
3115,Jumio,3.8,353,996,17,5
3116,Duroflex,3.9,353,1.6k,27,4
3117,METRO Global Solutions Center,3.5,352,1.4k,17,--
3118,B S R & Co Llp,3.1,352,3.7k,25,129
3119,Deenanath Mangeshkar Hospital,3.9,352,967,16,26
3120,e-Zest,3.9,352,3.4k,30,26
3121,Godrej Infotech,3.7,352,2k,33,4
3122,RWS Group,3.6,352,2.2k,30,18
3123,Vatika Group,4.2,351,1.3k,17,--
3124,Mitsubishi Electric Automotive India,4.4,351,927,29,--
3125,Prem Motors,3.7,351,1.1k,15,1
3126,Borosil Glass Works,3.7,351,1.7k,14,4
3127,Eaton India Innovation Center,3.7,351,2.4k,37,--
3128,Seth M R Jaipuria School,3.6,352,896,28,5
3129,Gupta Power Infrastructure,3.0,351,1.3k,14,--
3130,Yalamanchili Software Exports,3.1,351,1.3k,18,4
3131,Lam Research,3.8,351,2.7k,57,139
3132,Nabard Financial Services,4.1,351,865,20,--
3133,Campus Activewear,4.1,351,1.5k,18,6
3134,Choice Consultancy Services,3.7,351,1.1k,16,--
3135,R.K.M Powergen,3.9,350,1.1k,24,--
3136,Adient,4.0,350,1.9k,21,2
3137,EPIQ Systems,3.4,350,1.9k,18,13
3138,TCI Supply Chain Solutions,4.0,350,855,20,--
3139,Rashtriya Chemicals and Fertilizers,4.4,350,851,18,--
3140,Vijay Nirman Company,3.6,350,879,8,--
3141,EPIQ Systems,3.4,350,1.9k,18,13
3142,Adient,4.0,350,1.9k,21,2
3143,Al Tasnim Enterprises,3.5,350,1.3k,16,--
3144,Zydex Industries,3.9,349,1.1k,22,13
3145,Akumentis Healthcare,3.3,349,846,18,--
3146,Protiviti India Member,2.8,350,1.6k,36,141
3147,QUADRANT TECHNOLOGIES INDIA PRIVATE LIMITED,3.7,349,2.1k,50,26
3148,Swiss Re,3.8,349,2.8k,49,265
3149,Control Print,4.1,350,1.2k,84,14
3150,National Highways Authority of India,3.9,348,1.2k,25,--
3151,Jaypee Cement,4.0,348,879,19,--
3152,NU Vista,4.2,348,1.2k,12,--
3153,Jay Chemical Industries,4.0,348,1.5k,22,14
3154,Hical Technologies,3.6,348,1.6k,24,9
3155,Hygienic Research Institute,3.8,348,1.1k,18,7
3156,Orchid Pharma,3.7,348,1.1k,46,--
3157,Halonix Technologies,3.7,348,1.3k,18,7
3158,Stefanini,2.7,348,2k,38,10
3159,Autocomp Corporation Panse,3.5,348,1.5k,23,10
3160,MSP Steel & Power,3.9,348,1.1k,36,9
3161,Sekisui Dljm Molding,3.9,348,1.4k,21,--
3162,Shiash Info Solutions,3.0,348,261,31,--
3163,Council of Scientific and Industrial Research,4.1,347,1.2k,25,--
3164,Sequel Logistics,4.0,347,1.1k,19,--
3165,Jaguar Security Services,4.5,347,905,29,12
3166,Cotmac Electronics,3.7,347,1.5k,25,21
3167,Synergies Castings,3.9,347,745,13,1
3168,Yara Fertilisers,3.8,346,1.1k,23,--
3169,RV Solutions,3.7,346,1.3k,14,1
3170,Infocepts Technologies,3.5,347,3k,41,61
3171,JSW One Platforms,2.9,346,1.5k,47,7
3172,Woodenstreet.com,3.4,346,1.5k,28,10
3173,Mahindra Insurance Brokers,3.3,346,1.1k,12,6
3174,Roquette Riddhi Siddhi,3.9,346,1.2k,14,19
3175,Savista Global Solutions,4.1,346,1.4k,32,27
3176,Parul University,3.3,346,1.2k,26,33
3177,Asti Electronics India,4.1,346,1.3k,25,--
3178,L&T Defence,3.7,346,2k,31,--
3179,ACB (India),3.8,348,1.5k,18,1
3180,Savista Global Solutions,4.1,346,1.4k,32,27
3181,Roquette Riddhi Siddhi,3.9,346,1.2k,14,19
3182,Woodenstreet.com,3.4,346,1.5k,28,10
3183,Mahindra Insurance Brokers,3.3,346,1.1k,12,6
3184,JSW One Platforms,2.9,346,1.5k,47,7
3185,Stellar Innovations,3.4,345,2k,27,16
3186,Multiplier Brand Solutions,3.6,345,916,11,3
3187,ShopKirana,3.9,345,1.1k,18,--
3188,Worldline,3.6,346,2.3k,42,1
3189,Zuari Cement,4.3,345,1.2k,23,2
3190,MapmyIndia,3.5,345,1.8k,30,2
3191,Hindustan Syringes & Medical Devices,4.0,345,1.1k,25,1
3192,People Prime Worldwide,4.1,345,1.5k,51,4
3193,Gtpl Broadband,3.8,345,1.3k,19,--
3194,L&T Valves,3.8,345,1.9k,14,--
3195,NXP Semiconductors,3.6,345,2.6k,48,16
3196,Ven Consulting,3.2,345,875,43,--
3197,6D Technologies,2.9,345,2.6k,48,--
3198,Rithwik Projects,3.9,345,1.1k,37,24
3199,A-1 Fence Products,4.0,345,983,58,--
3200,Light Microfinance,3.8,345,901,19,4
3201,Country Holidays Inn & Suites,4.2,344,147,110,--
3202,Kerala State Electricity Board,4.2,344,1.3k,18,1
3203,Shah Technical Consultants,3.6,344,923,22,--
3204,MYCPE ONE,3.9,344,1.1k,25,--
3205,Motherson Technology Services,3.3,345,2.1k,34,1
3206,Lobo Staffing Solutions,4.1,344,1.3k,18,--
3207,Oceaneering International,4.1,344,1.9k,43,9
3208,Urban Ladder,3.7,344,1.5k,46,--
3209,Arabian Industries,3.8,344,900,17,--
3210,Ircon International,3.9,343,964,29,--
3211,UNext,3.0,343,1.7k,44,31
3212,M K Agrotech Private Limited,4.5,343,472,56,7
3213,ADNOC,4.3,343,844,34,--
3214,Recipharm Pharmaservices,3.8,343,1.6k,9,--
3215,International Game Technology,3.2,343,1.3k,28,--
3216,Compunnel,3.7,343,1.9k,30,77
3217,Groww,3.6,345,2.4k,82,17
3218,WPP,3.0,344,2.4k,21,47
3219,Mars,3.7,343,1.1k,19,4
3220,UNext,3.0,343,1.7k,44,31
3221,63 Moons Technologies,3.7,343,1.9k,29,17
3222,Sri Sri Tattva,3.5,342,1.1k,16,--
3223,Kyndal India,3.6,342,3.2k,6,--
3224,Padmini VNA Mechatronics,3.9,342,1.4k,27,3
3225,GTPL-KCBPL,4.0,343,453,41,--
3226,Muthoot Capital Services,3.6,342,935,13,--
3227,Park Plus,2.8,342,1.8k,54,15
3228,TMEIC,3.9,342,1.6k,20,4
3229,eMudhra,3.4,342,1.6k,20,--
3230,CESC,3.8,342,1.5k,39,--
3231,Red Health,3.5,342,787,33,--
3232,DISYS,3.1,342,2.1k,29,--
3233,Clariant Chemicals,4.2,342,1.6k,15,1
3234,CKA Birla Group,4.1,341,1.3k,19,--
3235,Fluper,3.9,341,551,24,6
3236,Somic ZF Components,4.2,341,1.1k,16,--
3237,SMC Corporation,3.8,341,1.9k,33,14
3238,Evelyn Learning Systems,3.9,341,790,38,--
3239,Network 18,3.5,341,2.5k,30,9
3240,Escon Elevators,3.8,341,940,27,13
3241,Theme Engineering Services,3.7,341,993,17,15
3242,Columbia Petro Chem,4.2,341,542,21,1
3243,Satin Finserv,3.9,341,670,15,1
3244,Khimji Ramdas,3.7,341,863,20,12
3245,Kraft Heinz Company,3.0,341,1.4k,28,83
3246,Intelizign Lifecycle Services,3.6,341,2.5k,41,33
3247,Network 18,3.5,341,2.5k,30,9
3248,Cygnet Infotech,3.3,341,2.2k,19,--
3249,Delhi Metro Rail Corporation,4.1,341,1k,17,--
3250,Evelyn Learning Systems,3.9,341,790,38,--
3251,Oil India,4.2,341,887,22,37
3252,Sakthi Auto Components,3.2,340,1k,11,9
3253,Gufic Biosciences,3.2,340,1.4k,15,33
3254,R&R Limousine And Bus,4.0,340,123,--,--
3255,Trane Technologies,3.9,340,2.1k,29,1
3256,Kushal's Fashion Jewellery,4.4,340,665,36,85
3257,Bal Pharma,3.3,339,1.2k,24,15
3258,Zebronics,3.8,340,1.2k,35,25
3259,Festo,3.7,340,1.7k,25,8
3260,Trane Technologies,3.9,340,2.1k,29,1
3261,Technicolor,3.4,339,1.9k,25,2
3262,Dentsu Aegis Network,3.2,339,3k,36,--
3263,Advanced Micro Devices,3.7,339,3.1k,53,304
3264,CityMall,3.4,338,1.4k,33,3
3265,Zet Town,3.3,338,1k,36,2
3266,Pitaara,4.1,340,456,16,--
3267,Gyproc,3.9,338,1k,16,--
3268,AceMicromatic Group,4.2,338,1.2k,19,--
3269,InfodriveIndia,4.1,339,523,25,3
3270,Bluechip Corporate Investment Centre,3.7,338,1k,12,4
3271,IIC Technologies,3.5,338,978,14,--
3272,Integrated Wireless Solutions,3.8,338,1k,18,1
3273,Zf Wind Power,4.1,338,1.5k,18,--
3274,Kimberly-Clark,4.0,338,1.7k,18,24
3275,MNC Group,4.1,338,1.8k,133,3
3276,Valvoline Cummins,4.0,338,1.4k,16,13
3277,Aloha Technology,2.8,338,1.8k,39,5
3278,VIKRAN Engineering & Exim,4.1,338,1.1k,41,3
3279,Avantor,3.7,338,2.4k,35,38
3280,Nutricia,3.4,337,618,23,--
3281,Ceat Specialty Tyres,3.9,337,1.2k,21,--
3282,Aeronautical Development Agency,4.2,337,1.9k,20,--
3283,Taco Bell,4.1,337,998,19,--
3284,Telstra,3.9,337,2.9k,59,12
3285,BLS International Services,3.4,337,1.1k,23,52
3286,Omnicom Global Solutions,3.3,337,2.3k,17,56
3287,Indchemie Health Specialities,3.8,337,925,25,4
3288,VGM Consultants,3.3,337,1.1k,19,1
3289,SOPAN,4.0,337,1.1k,22,3
3290,Aegis Logistics,3.7,336,1.4k,37,8
3291,AVL,3.4,337,1.6k,28,--
3292,Yubi,4.2,336,1.9k,44,2
3293,DSV - Global Transport and Logistics,3.8,336,1.5k,14,1
3294,Essilor,4.0,336,1.4k,16,8
3295,IIT Bombay,4.4,336,1.7k,30,4
3296,Jtekt Sona Automotive India,4.2,336,846,16,--
3297,Clarus Rcm Infotech,2.8,336,1.1k,44,4
3298,MUFG Bank,3.5,336,2.4k,18,48
3299,Unique Identification Authority of India,3.8,335,1k,14,--
3300,IndusInd Securities,3.7,335,1k,23,--
3301,Lloyd Insulations,3.5,335,1.3k,23,2
3302,Halliburton,3.6,335,1.3k,33,38
3303,Coditas Technologies,3.9,335,2.2k,95,4
3304,"Ministry Of Health, New Delhi",3.9,335,893,18,1.4k
3305,Ace Designers,4.1,335,1.6k,29,--
3306,Rao IIT Academy,3.5,334,519,9,--
3307,Praxis Services,3.4,334,964,30,7
3308,ESAF CO-OPERATIVE,3.5,335,891,22,--
3309,Paperchase Accountancy,3.0,334,1.6k,33,4
3310,Red Tape,3.2,335,1.1k,24,--
3311,Silverlink Technologies,3.7,334,390,17,22
3312,Kalyani Motors,3.2,334,1.2k,20,8
3313,Allegis Global Solutions,3.3,334,1.6k,16,--
3314,Satguru Travels and Tour Services,2.8,334,1.3k,33,5
3315,Walplast Products,4.0,334,1.2k,35,54
3316,Sub-K IMPACT Solutions,4.1,334,854,29,--
3317,Coding Ninjas,3.6,334,1.4k,58,6
3318,Global Aluminium,3.7,333,886,18,--
3319,Furukawa Minda Electric,4.2,333,967,8,--
3320,Hindustan Urvarak & Rasayan,3.3,333,1.5k,40,--
3321,Labcorp,4.0,333,2.2k,45,7
3322,MJ Biopharm,3.5,333,1.5k,20,12
3323,Motilal Oswal Asset Management Company,4.4,333,451,75,--
3324,Vem Technologies,3.6,333,1.3k,31,10
3325,Minda Kosei Aluminum Wheel,4.1,333,1k,24,--
3326,Agility,4.0,332,1.2k,12,5
3327,Maharashtra Hybrid Seed Company,4.0,332,870,8,--
3328,Kpmg Resource Centre,3.4,332,2.1k,27,--
3329,Springer Nature in India,4.1,332,2.5k,40,12
3330,Selec Controls,3.5,332,2k,31,28
3331,MTR Foods,3.9,332,1.1k,26,--
3332,Biz 2 Credit Info Services,3.4,332,1.3k,30,19
3333,Cox & Kings,3.3,332,1k,7,--
3334,KLJ GROUP,3.3,332,1.4k,18,8
3335,Toyota Financial Services,3.6,332,1.2k,14,3
3336,Pfizer Products India,3.9,331,1.3k,11,--
3337,Scaleneworks,3.6,331,1.3k,13,2
3338,Signode,3.7,331,1.5k,22,9
3339,Kalkine Solutions,4.2,331,885,21,--
3340,Vasan Eye Care Hospitals,3.7,332,708,5,--
3341,Entab Infotech,3.2,331,1.1k,35,2
3342,Path Infotech,3.4,331,1.7k,23,1
3343,Zopper,3.2,331,1.4k,29,4
3344,TestingXperts,3.8,331,2.2k,55,4
3345,Lucas Indian Service,4.0,331,1k,23,--
3346,Versuni India Home Solutions,3.3,331,1.3k,20,--
3347,ICRA Analytics,3.0,331,1.6k,46,2
3348,Polyhose,3.7,331,1.8k,17,39
3349,AVASOFT,2.6,331,1.5k,200,--
3350,Rushil Decor,4.0,331,986,17,5
3351,Pricol Precision Products,4.0,331,1.1k,18,--
3352,Polyplastics Industries (I),3.8,330,1.3k,20,4
3353,Patil Group,3.5,330,1.4k,32,3
3354,Machino Plastics,3.6,330,1.5k,27,3
3355,You Broadband,3.7,330,993,17,--
3356,Rio Tinto,3.6,330,1.7k,48,1
3357,Hyundai Construction Equipment,4.4,330,1.5k,20,3
3358,Plasser India,4.0,330,1.7k,25,1
3359,Gi Group,3.7,330,1.2k,19,2
3360,L&T–MHI Power Boilers,4.0,330,1.5k,12,--
3361,ESAB,4.0,329,1.5k,25,6
3362,Adglobal360,3.3,330,2.2k,31,3
3363,Can Fin Homes,2.8,329,1.1k,21,2
3364,Volvo Trucks,4.0,329,1.6k,33,--
3365,NIKE,4.0,329,2.4k,47,--
3366,Dinshaws,3.9,329,1k,10,2
3367,Aabasoft,4.1,329,803,48,39
3368,SOTC Travel Limited,4.0,329,1.2k,23,4
3369,Balrampur Chini Mills Limited,4.0,329,948,28,--
3370,EqualizeRCM Services,3.8,329,1.1k,99,9
3371,Corizo,3.7,328,409,80,1
3372,Inventys Research,4.3,328,794,11,4
3373,Nitco,4.0,328,1.2k,12,116
3374,KJS Cement,3.5,328,1.1k,26,3
3375,Louis Philippe,4.4,328,736,11,--
3376,Modern V.R. Security Force,4.0,328,737,12,2
3377,Arzooo.com,2.6,327,1.2k,25,--
3378,Telecom Network Solutions,4.0,327,1.1k,14,11
3379,Glorious Insight,3.6,327,259,4,1
3380,Rainbow Childrens Hospital,3.6,328,1k,25,5
3381,BIC Cello,4.0,327,988,10,7
3382,Sureti Insurance Marketing,3.2,327,152,62,--
3383,Banco Products,3.4,327,1.7k,20,3
3384,Lion Engineering Consultants,3.4,327,839,14,15
3385,Himadri Speciality Chemical Limited,3.5,327,1.7k,28,--
3386,Techno Electric & Engineering Company,4.0,327,1.2k,25,2
3387,Sundaram Motors,3.9,327,1.1k,7,--
3388,Kuwait National Petroleum Company,4.3,327,1k,22,--
3389,Harsha Engineers,3.8,327,1.6k,32,5
3390,Universal Mep Projects & Engineering Services,3.7,326,865,22,--
3391,Senvion,4.0,327,1.4k,26,4
3392,Siti Networks,3.9,326,997,11,--
3393,Hitech Digital Solutions,3.7,326,1.6k,30,54
3394,Brawn Group,3.6,326,1.1k,20,22
3395,Decimal Point Analytics,2.7,326,2k,48,23
3396,Veolia Water Technologies,4.2,326,1.3k,25,35
3397,Aptean,3.2,326,2.4k,52,35
3398,Kubota Agricultural Machinery India,4.3,326,1.3k,20,7
3399,Greentech Industries,3.7,326,1.1k,17,2
3400,Rajsriya Automotive Industries,3.2,325,1.2k,17,4
3401,Shree Renuka Sugars,4.1,325,1.2k,20,2
3402,Mahindra Truck and Bus,3.7,325,1k,12,--
3403,Boehringer-Ingelheim,3.9,325,1k,14,9
3404,Pps Motors,4.0,325,1.1k,15,--
3405,Cadence Design Systems,3.8,325,2.9k,67,169
3406,CareEdge Ratings,3.0,325,1.8k,19,--
3407,Global Calcium,3.3,325,1.7k,27,19
3408,Tudip Technologies,2.8,325,1.5k,77,65
3409,TIBCO Software,3.7,325,3.4k,48,53
3410,Victora Tool Engineers,3.7,325,1.2k,9,--
3411,Nava Limited,3.8,325,1.2k,23,13
3412,Jms Mining Services,4.0,326,1k,41,--
3413,DCDC Kidney Care,4.0,325,545,21,8
3414,Sarvagram Fincare,3.9,325,963,19,--
3415,VKC Group,3.8,324,1.2k,20,--
3416,Han Digital,2.6,326,736,36,1.6k
3417,Peregrine Guarding,3.9,324,867,15,2
3418,Pharmed,4.7,324,310,37,--
3419,Groz Engineering Tools,4.2,324,1.3k,21,24
3420,Accel IT Services,3.5,324,1.4k,22,39
3421,Merit Data and Technology,3.5,324,1.7k,16,6
3422,Robosoft Technologies,3.4,324,2.2k,45,41
3423,Novel Office,4.0,324,719,70,77
3424,Peregrine Guarding,3.9,324,867,15,2
3425,Pharmed,4.7,324,310,37,--
3426,Groz Engineering Tools,4.2,324,1.3k,21,24
3427,E-Solutions,3.4,323,1.5k,14,--
3428,TP Central Odisha Distribution,3.7,324,916,40,--
3429,Aurigene Pharmaceutical Services,4.2,323,1.2k,28,22
3430,ITM Group of Institutions,3.3,323,1.2k,20,--
3431,Stellar Value Chain Solutions,3.7,323,1.4k,37,--
3432,Luxor Writing Instruments,3.5,325,1.1k,13,1
3433,Technosoft Engineering Projects Limited,3.9,323,1.4k,33,30
3434,Aujas Cybersecurity-NuSummit company,3.7,322,2.3k,28,28
3435,MobileComm Technologies India,3.7,322,1k,16,--
3436,Mirza International,3.5,322,1.1k,9,7
3437,SNVA Group,3.2,322,944,24,71
3438,GITAM University,3.6,322,1.2k,19,6
3439,Peel-works,3.6,322,652,10,--
3440,IFFCO Kisan Sanchar,3.6,322,731,26,--
3441,Abbott Nutrition International,3.9,322,920,13,--
3442,Dvara KGFS,3.7,322,981,20,2
3443,o9 Solutions,3.5,322,3.3k,49,24
3444,Savex Technologies,4.1,322,1.4k,16,--
3445,Inventia Healthcare,4.0,322,1.8k,14,3
3446,Hindustan Wellness,3.2,321,880,38,6
3447,Listenlights,3.8,321,1.3k,33,1
3448,ETA Engineering,3.2,320,831,9,--
3449,Kent plc,4.1,320,703,25,52
3450,Aarti Steels,3.7,319,1.3k,37,3
3451,Sheraton Hotels and Resorts,3.8,320,658,10,--
3452,MSM Unify,3.7,321,482,70,--
3453,convergys india services,3.5,320,1k,29,--
3454,Holisol Logistics,3.8,321,1.1k,15,--
3455,"Nitor Infotech, an Ascendion company",4.0,320,2.1k,52,19
3456,Swastika Investmart,3.7,320,1.1k,15,10
3457,Cactus Communications,3.4,320,1.7k,55,51
3458,Lincoln Pharmaceuticals,3.4,320,1.3k,21,36
3459,MIOT INTERNATIONAL,3.3,320,1.3k,17,30
3460,MSM Unify,3.7,321,482,70,--
3461,Lincoln Pharmaceuticals,3.4,320,1.3k,21,36
3462,MIOT INTERNATIONAL,3.3,320,1.3k,17,30
3463,"Nitor Infotech, an Ascendion company",4.0,320,2.1k,52,19
3464,Swastika Investmart,3.7,320,1.1k,15,10
3465,Honda India Power Products,4.2,319,1.1k,27,--
3466,EXO Edge,3.5,319,1.2k,39,10
3467,SAR Group,3.9,319,1.4k,13,--
3468,Tata Play Fiber,4.0,319,1.2k,15,1
3469,doodleblue innovation,4.0,319,1.2k,34,7
3470,CG Foods,3.5,319,2.1k,12,13
3471,Stellantis Avtec Powertrain,3.6,318,1.4k,13,--
3472,Apisero,4.3,318,2.5k,67,--
3473,MDC Group of Companies,4.8,318,88,3,4
3474,Kusum Healthcare,4.0,318,1.3k,15,7
3475,Olectra Greentech,3.3,318,1.3k,28,17
3476,UCO Bank,3.8,318,884,20,--
3477,Jorie Healthcare,3.9,317,447,10,3
3478,Danske IT,3.6,317,1.7k,19,--
3479,Adani Gas,3.0,317,1.4k,37,--
3480,VSoft Technologies,3.2,317,1.5k,13,--
3481,Omax Autos,3.7,317,971,12,--
3482,VML,3.4,317,2k,21,26
3483,InsanelyGood,4.1,317,1.3k,20,--
3484,Cohizon Life Sciences Limited,3.3,317,1.6k,25,1
3485,Irclass Systems And Solutions,4.2,317,959,36,17
3486,Aristocrat,3.6,317,2.5k,61,9
3487,Telesonic Networks,3.8,317,794,8,--
3488,Tenon Facility Management,3.6,316,1.1k,21,--
3489,Mit World Peace University,3.9,316,1.1k,18,6
3490,Vashi Integrated Solutions Limited,3.7,316,1.5k,23,77
3491,Genisys Group,3.5,316,1.3k,21,14
3492,BOLD Technology Systems,3.1,316,1.7k,48,19
3493,Ratnamani Metals and Tubes,4.2,318,1.2k,15,7
3494,Ubisoft Entertainment,3.6,316,2k,37,--
3495,SPML Infra,4.0,316,832,24,87
3496,Renom Energy Services,4.2,316,998,21,--
3497,Resurgent India,3.9,316,558,4,14
3498,Zydus Hospital,4.3,316,1.1k,14,3
3499,Alkyl Amines,4.0,316,1.3k,15,2
3500,Alkyl Amines,4.0,316,1.3k,15,2
3501,Aksentt Tech Services,4.5,315,398,154,1
3502,Laxmi Civil Engineering Services,4.1,315,888,17,--
3503,Fino Paytech,3.2,315,570,7,--
3504,Radiant Cash Management Services,3.4,315,987,9,--
3505,Softcell Technologies,3.9,315,1.9k,23,10
3506,ProConnect Integrated Logistics,3.7,315,1.4k,12,3
3507,Narula Infrastructure,3.6,315,650,20,1
3508,ClaySys,3.7,315,931,77,9
3509,Moody's Analytics,4.1,315,2.4k,23,20
3510,Manba Finance Limited,4.0,315,907,15,--
3511,JUNIPER GREEN ENERGY,4.6,315,775,34,--
3512,Iconic,4.1,315,916,35,8
3513,MARK EXHAUST SYSTEMS,4.2,314,1.1k,20,--
3514,Western Digital,3.4,314,2.9k,54,7
3515,AI Variant,4.2,316,1.5k,38,--
3516,Markelytics Solutions,4.5,314,350,2,1
3517,Walsons Facility Solutions,3.9,314,1.2k,13,--
3518,DEC Infra,3.7,314,1.3k,30,--
3519,Darwinbox,3.7,314,2.3k,56,2
3520,Creative Hands HR Consultancy,4.2,314,210,38,--
3521,ZIM Laboratories,3.0,314,1.4k,11,14
3522,Zeta,3.2,314,3.1k,80,18
3523,Signutra (Health & Nutrition Division of Win - Medicare Pvt Ltd),4.4,313,453,17,--
3524,Karvy Financial Services,3.9,313,1.3k,12,--
3525,Sphinx Worldbiz,3.4,313,1.4k,37,--
3526,Bharat IT Services,3.4,313,1.1k,17,--
3527,Frigorifico Allana,3.8,313,1.1k,14,--
3528,ILJIN ELECTRONICS,3.8,313,923,23,--
3529,Bnp Paribas Securities,3.8,313,1.9k,13,--
3530,ESIC HOSPITAL,4.0,314,937,14,--
3531,Arya Omnitalk,3.8,313,981,20,24
3532,Competent Software,3.3,313,541,7,5
3533,Dainik Jagran,3.4,313,1.2k,14,--
3534,Airtel DTH Services,4.1,313,867,27,--
3535,Jaiprakash Power Ventures,4.0,313,1.1k,31,--
3536,Ozone Pharmaceuticals,3.7,313,957,13,5
3537,Taal Tech India,3.9,313,1.5k,20,30
3538,Indo Farm Equipment,3.1,313,932,15,5
3539,Gammon Engineers And Contractors,4.0,312,1.1k,21,--
3540,ABI Showatech,3.5,313,1.1k,10,--
3541,Alicon Castalloy,3.3,312,1.2k,12,2
3542,Jasper Colin,3.9,313,742,40,10
3543,SolarSquare Energy,3.1,312,1.1k,36,153
3544,Paragon Digital Services,3.2,312,2k,22,--
3545,Manipal Technologies,4.0,312,1.9k,13,7
3546,Futurense Technologies,4.0,312,754,41,--
3547,Avanse Financial Services,3.9,312,1.5k,29,3
3548,Elico Healthcare Services,3.3,312,897,22,3
3549,NACL Industries,4.0,312,1.1k,28,7
3550,Fidelis Technology Services,3.2,311,1.7k,19,--
3551,RHI Magnesita,3.8,311,1.3k,18,3
3552,Xpheno,3.5,311,1.6k,22,174
3553,Miles Education,3.3,311,699,40,17
3554,Angelique International,4.5,311,1k,14,6
3555,Silverskills,3.4,311,1.1k,28,8
3556,Deepak Phenolics,4.4,312,1.6k,27,--
3557,MSD Pharmaceuticals,3.7,311,1.6k,30,63
3558,Himedia Laboratories,4.1,311,1.2k,79,--
3559,Leixir Dental Group,4.3,311,645,123,5
3560,MSD Pharmaceuticals,3.7,311,1.6k,30,63
3561,Leixir Dental Group,4.3,311,645,123,5
3562,ZF India Technology Center,3.7,311,2.1k,40,39
3563,ATMECS Global,3.2,310,2.4k,37,10
3564,Princess Cruises,3.8,310,358,13,--
3565,Essar Projects India,3.8,310,748,10,--
3566,SVC Co-Operative Bank,3.9,310,1.3k,17,3
3567,BYJU'S Exam Prep,3.7,310,1.1k,25,--
3568,Ninestars Information Technologies Pvt. Ltd,3.3,310,1.5k,22,--
3569,Hinduja Finance,3.9,310,965,12,--
3570,ARDEM Incorporated,3.9,310,568,37,18
3571,Smaaash Entertainment,4.1,312,736,33,--
3572,Ms Agarwal Foundries,4.2,310,894,34,1
3573,Infiniti Software Solutions,4.5,310,573,107,14
3574,CR3 Group,3.9,310,1k,22,11
3575,ISMT,3.8,310,1.1k,19,--
3576,KEPCO Plant Service & Engineering,3.7,310,1k,17,1
3577,LetsTransport,3.6,309,1.1k,25,--
3578,Azure Power,3.9,309,1.2k,23,--
3579,Awfis,4.3,312,1.2k,20,37
3580,Cameo Corporate Services,3.3,309,1.2k,17,14
3581,ITC ABD,3.7,309,1.2k,17,--
3582,Jaguar Land Rover,3.9,309,1.7k,32,10
3583,TAJSATS AIR CATERING,4.1,309,971,15,11
3584,Guiltfree Industries,3.5,309,1k,34,4
3585,KnowledgeHut,4.4,309,790,12,--
3586,Newt Global,4.3,309,812,61,15
3587,Tata Marcopolo Motors,3.8,309,1.1k,18,--
3588,Ordnance Factory,4.3,308,603,12,--
3589,JSW Steel Coated Products,3.9,308,1.1k,29,--
3590,Electrical Research & Development Association,3.8,308,886,17,5
3591,Quintessence Business Solutions & Services,3.8,308,1k,9,--
3592,Equinox Labs,3.9,308,914,44,9
3593,UNITILE,4.6,308,369,43,16
3594,Pulse Pharmaceuticals,3.3,308,918,16,9
3595,H&R Block,4.1,308,1.8k,25,8
3596,Doha Petroleum Construction Company,3.8,308,649,26,--
3597,Katerra,3.5,309,1.8k,22,--
3598,Embee Software,3.7,307,1.3k,9,--
3599,Nissin Brake,4.3,307,803,12,--
3600,Sabre,3.9,307,2.3k,37,67
3601,Molecular Connections,3.2,307,1.4k,21,2
3602,Hindustan Times,3.2,307,2k,17,1
3603,GSH Group,4.2,307,973,11,34
3604,Van Heusen,3.9,307,691,16,--
3605,Sakon,2.9,307,1.9k,36,3
3606,DynPro,3.7,307,1.4k,34,--
3607,Micro Plastics Private Limited,3.7,307,1.3k,33,8
3608,Smart Value Products And Services,4.2,307,614,17,--
3609,HungerBox,3.7,307,1k,18,9
3610,KHY ELECTRONIC,3.9,307,977,31,--
3611,SGT University,3.5,307,1k,22,6
3612,SBS,2.6,306,2.3k,29,--
3613,The Indian Hume Pipe Co.,3.8,306,1k,21,11
3614,Yum!,4.2,306,1.3k,19,20
3615,Cavisson Systems,2.3,306,1.8k,23,5
3616,Bombay Intelligence Security,4.0,306,687,20,9
3617,Automotive Robotics (India),3.5,306,2.3k,37,12
3618,Madina Group,4.5,305,517,25,--
3619,Diya Systems,3.2,305,1.2k,23,--
3620,Inlead Electronics,3.9,305,930,11,--
3621,Ck Birla Hospitals,4.0,307,1.1k,15,--
3622,Amcor Flexibles India,3.8,305,1.3k,14,2
3623,Cliantha Research,4.0,305,1.3k,19,4
3624,AAJ Supply Chain Management,3.9,305,758,38,4
3625,Orix Auto Infrastructure Services,4.0,305,959,15,--
3626,Domino Printech India LLP,4.3,305,842,69,7
3627,Themis Medicare,3.7,306,1.1k,14,5
3628,Internshala,3.7,305,952,64,2
3629,AGI Glaspac,3.8,305,954,24,--
3630,Tamilnad Mercantile Bank,2.5,305,998,19,--
3631,Indus Valley Partners,2.9,305,2.6k,59,34
3632,Pitney Bowes,3.7,305,1.9k,23,10
3633,Koenig Solutions,3.5,305,1k,37,126
3634,Asort Company,3.9,305,397,21,--
3635,Cyber Infrastructure,3.5,305,1.4k,40,18
3636,Bharat Wire Ropes,3.6,305,1.3k,42,16
3637,TATWA Technologies,3.2,304,849,17,5
3638,TCPL Packaging,4.0,304,1.4k,20,1
3639,SS Supply Chain Solutions,3.6,304,1.1k,15,21
3640,TIDC India,3.8,304,1.3k,12,--
3641,Murugappa Group,4.0,304,1.3k,20,79
3642,Nimbus Harbor Facilities Management,4.0,304,923,15,--
3643,1K Networks,3.2,304,1.2k,25,--
3644,Gawar Construction,4.1,304,866,17,--
3645,Arabian Construction Company,3.1,304,777,28,--
3646,SS Supply Chain Solutions,3.6,304,1.1k,15,21
3647,Meitra Hospital,4.5,304,362,15,--
3648,IM Gears,3.5,304,1k,16,--
3649,Amrutanjan Health Care,4.0,303,690,22,--
3650,Danone Foods Beverages,3.4,303,1.2k,12,1
3651,Navneet Education,3.9,303,1.3k,14,--
3652,Unibic Foods,3.7,303,1k,15,1
3653,ArcGate,3.0,303,1.1k,25,16
3654,Bird Worldwide Flight Services,3.4,303,773,30,1
3655,Mindteck,3.0,303,2.3k,25,13
3656,Adani Energy Solutions,3.6,303,1.2k,23,714
3657,NVH India Auto Parts,3.3,302,1.2k,15,--
3658,Checkmate Services,3.9,302,859,19,--
3659,Piramal Foundation,4.2,302,851,18,--
3660,Girmiti Software,4.2,302,1.5k,15,--
3661,Ang India,3.7,302,935,30,--
3662,NatWest Markets,3.9,302,2.8k,18,3
3663,Adani Energy Solutions,3.6,303,1.2k,23,714
3664,Lanco Infratech,4.5,302,650,3,--
3665,CQRA,4.3,302,865,23,7
3666,Moder Solutions,3.3,302,1.7k,26,17
3667,Peter England,4.1,302,744,9,--
3668,Ruby Hall Clinic,3.9,302,976,16,--
3669,Soma Enterprises,4.6,302,749,7,--
3670,Suburban Diagnostics,3.9,301,1k,10,--
3671,Metric Stream Infotech,3.2,301,2.2k,19,--
3672,Fexprime Finance,4.5,301,707,7,--
3673,HostBooks,3.1,301,654,20,1
3674,Netsmartz Infotech,3.9,301,1.3k,26,9
3675,T R Chadha & Co Llp,3.3,301,1.2k,21,7
3676,Dyninno India,4.0,303,654,40,7
3677,Aspiro Pharma,3.8,302,1.1k,15,--
3678,Busibud,3.6,301,123,43,--
3679,Mirafra Technologies,3.7,301,2.9k,59,87
3680,LANXESS India Private Limited,4.2,301,1.2k,21,7
3681,Munjal Kiriu Industries,3.8,301,861,15,--
3682,Money View,4.1,301,1.6k,36,29
3683,THE GUARDIANS Real Estate Advisory,3.6,301,1.3k,26,17
3684,Vinati Organics,3.9,300,1.5k,16,5
3685,Global Opportunities,4.2,300,534,40,--
3686,Hardcastle Restaurants,3.7,300,807,18,10
3687,Gaja Engineering,4.2,300,1.1k,26,6
3688,Innoviti Technologies Private Limited,2.9,300,1.5k,23,2
3689,MN Dastur & Company,4.0,300,737,11,1
3690,Myk Schomburg,3.9,300,924,19,--
3691,ANZ Operations & Technology,3.8,300,2.6k,32,--
3692,Tata Green Batteries,3.9,300,789,23,--
3693,GlobalStep,2.2,300,1.8k,31,13
3694,Thomson Digital,3.9,300,745,29,--
3695,Dahua Technology India Pvt.Ltd.,3.5,300,1.1k,24,2
3696,Ahresty India,3.8,300,1.1k,23,--
3697,BMW,4.2,300,1.7k,22,--
3698,Rheinmetall Automotive,3.9,300,1.2k,25,16
3699,Citrix,3.2,300,2.4k,54,--
3700,LatentView Analytics,3.6,300,3k,74,74
3701,Rucha Engineers,3.8,299,1.3k,19,1
3702,Xylem Water Solutions,3.7,299,2k,30,69
3703,Integra Global Solutions,3.5,299,1.5k,33,23
3704,Rooman Technologies,3.7,299,790,13,1
3705,Business Integrity Services,4.3,299,538,58,2
3706,Chubb,3.4,299,3.2k,65,9
3707,Allanasons,4.0,299,1.1k,21,29
3708,VVF,3.8,299,1.3k,14,7
3709,ecare India,3.9,299,1.2k,18,19
3710,Titan Laboratories,3.4,299,1k,8,17
3711,Hamleys,3.8,298,665,20,--
3712,AIS Glass Solutions,3.6,298,1.4k,27,--
3713,SSF PLASTICS,3.5,298,1.2k,18,3
3714,Bhandari Automobiles,3.7,298,876,15,--
3715,Presto Infosolutions,2.8,298,1.2k,18,--
3716,Altruist Customer Management India,4.0,298,1k,39,--
3717,Woodland,3.4,298,913,14,--
3718,IT By Design,3.2,298,1.6k,42,3
3719,Saregama India,4.0,298,901,9,--
3720,Alf Engineering,4.0,298,1.3k,29,--
3721,ICRA,3.2,298,1.7k,30,2
3722,British Biologicals,3.0,298,737,21,3
3723,First Flight Couriers,4.4,298,488,8,31
3724,Sahayog Multistate Credit Co-operative Society,3.5,298,809,15,--
3725,Renewsys India,4.0,298,1.4k,24,8
3726,FUJIFILM,4.1,297,1.1k,15,--
3727,Roki Minda Co,4.5,297,829,10,--
3728,NAFFCO,3.2,297,785,25,--
3729,Cure foods,3.4,298,856,20,--
3730,MSPL,4.1,297,1.3k,31,--
3731,Garware Technical Fibres,3.7,297,1.3k,16,4
3732,Tata ClassEdge,3.6,298,926,16,13
3733,Mukand Limited,3.6,297,1.1k,12,16
3734,Autodesk,3.9,297,3k,48,5
3735,Blenheim Chalcot,2.7,297,1.6k,52,9
3736,Merino Laminates,3.9,297,989,15,10
3737,INDIABULLS PHARMACEUTICALS,2.7,296,561,13,--
3738,Spm Autocomp,3.6,296,1.2k,24,--
3739,ScoreMe Solutions,3.4,296,471,10,--
3740,Arena Animation,3.5,296,994,20,21
3741,ARCADIS,4.1,296,1.8k,37,88
3742,Junglee Games,4.1,296,1.7k,51,2
3743,IndianOil Adani Ventures,4.0,296,990,20,--
3744,Ratnadeep Retail,4.2,296,998,20,14
3745,R L Fine Chem,3.6,296,1.6k,22,6
3746,Vilas Javdekar Developers,3.8,296,1.2k,33,19
3747,Onida,3.5,296,865,10,2
3748,Atul Auto,3.8,296,1.2k,28,10
3749,Kelly Services,4.2,296,1.2k,18,--
3750,Airbnb,3.5,296,1.6k,28,19
3751,McAfee,3.7,296,2.9k,34,7
3752,Shreya Life Sciences,4.0,296,614,12,--
3753,RNF Technologies,3.0,296,1.3k,38,2
3754,DataTrained,3.4,296,488,20,--
3755,Segula Technologies,3.4,296,1.8k,30,2
3756,AltezzaSys,3.8,296,783,62,6
3757,Slr Metaliks,4.1,295,1k,24,--
3758,Wartsila,4.1,295,834,10,144
3759,Doubtnut,3.4,295,1.1k,39,--
3760,HyScaler,4.3,295,259,104,--
3761,CPM India Sales & Marketing,4.0,295,986,13,9
3762,Bajaj Energy,4.3,295,899,12,2
3763,TJSB Sahakari Bank,3.6,295,1.3k,22,2
3764,POSCO MAHARASHTRA STEEL,4.2,295,1.3k,16,--
3765,SquadStack,3.5,295,861,34,20
3766,EnFuse Solutions,4.1,295,694,39,40
3767,Tablets (India),3.8,295,845,23,52
3768,Pepe Jeans,4.1,295,899,11,--
3769,Can-Pack,4.4,295,1.2k,21,1
3770,Ketto,4.4,295,753,21,13
3771,Diamondpick,3.9,294,1.5k,14,5
3772,Karuna Management Services,3.7,295,444,24,12
3773,Spectranet,3.7,294,1.2k,22,7
3774,GMR Energy,4.0,294,998,20,--
3775,Stelmec,3.2,294,1.4k,35,1
3776,Aurigene Oncology Limited,4.2,294,1.1k,16,4
3777,Solartis Technology Services,3.4,294,1.9k,32,--
3778,QDegrees,3.3,294,988,17,16
3779,Aditya Birla Memorial Hospital,4.4,294,810,22,19
3780,Gionee,4.4,294,298,1,--
3781,SHV Energy,3.7,294,1.1k,17,10
3782,Solartis Technology Services,3.4,294,1.9k,32,--
3783,Stelmec,3.2,294,1.4k,35,1
3784,Aurigene Oncology Limited,4.2,294,1.1k,16,4
3785,Aurangabad Electricals,3.9,294,1k,13,--
3786,Bristol-Myers Squibb,3.5,294,1.8k,33,211
3787,Hartek Group,4.1,293,737,54,45
3788,Hema Engineering Industries,4.0,293,1.1k,13,--
3789,Prepca Eduserv,4.0,293,188,86,--
3790,Personiv,3.8,293,1.7k,22,1
3791,Nexval Infotech,2.6,294,965,12,--
3792,Bhash Software Labs,4.6,294,148,43,--
3793,Goldmedal Electricals,3.7,294,1.2k,16,2
3794,ABP Group,3.3,293,1.3k,8,--
3795,JMR Infotech,4.1,293,1.1k,34,3
3796,ERA Group,4.1,293,550,6,3
3797,Danfoss Power Solutions,3.9,293,1.2k,12,--
3798,Thirumalai Chemicals,3.9,293,1.4k,22,9
3799,Tradebulls,2.9,293,1.3k,21,20
3800,Danfoss Power Solutions,3.9,293,1.2k,12,--
3801,Thirumalai Chemicals,3.9,293,1.4k,22,9
3802,ERA Group,4.1,293,550,6,3
3803,Tradebulls,2.9,293,1.3k,21,20
3804,Perkins,4.3,293,1.1k,12,--
3805,V2Solutions,2.9,292,1.3k,30,11
3806,Namdev Finvest,3.7,292,553,12,3
3807,Wallace Pharmaceuticals,3.8,292,833,17,2
3808,Avanze Technologies,3.7,292,1.3k,35,2
3809,Cognizant Solutions Corp,3.8,292,2.2k,61,--
3810,Ador Welding,3.9,292,1.1k,13,3
3811,Nilons Enterprises,3.9,292,920,19,--
3812,The Fern Residency,4.0,292,962,9,3
3813,Nuclear Power Corporation of India,4.1,292,971,31,--
3814,DigiTech Call System,2.7,292,781,30,--
3815,HyFun Foods,4.2,292,1.2k,21,9
3816,Efftronics Systems,3.2,292,913,54,18
3817,Incture Technologies,2.7,292,2.6k,56,15
3818,BCT Consulting Private Limited,3.9,292,1.2k,40,2
3819,Keihin Fie,4.3,292,2.6k,6,--
3820,Fleetx.io,3.4,292,1.3k,34,13
3821,FCI CCM,4.3,292,552,32,8
3822,Propel Industries,3.6,292,1.6k,37,29
3823,Baoiam Innovations,4.6,291,42,18,--
3824,Hughes Systique Corporation,3.7,291,2.2k,41,2
3825,Nature's Basket,3.9,291,970,15,--
3826,Infrastructure Leasing & Financial Services,4.3,291,976,5,--
3827,Sakata Inx,3.9,291,1.2k,15,1
3828,Meinhardt Group,3.4,292,1.2k,13,4
3829,Apollo Diagnostics,4.1,291,853,18,--
3830,Gemini Solutions,3.3,291,2.6k,38,--
3831,Konica Minolta Business Solutions India Pvt. Ltd.,4.0,291,1.2k,35,10
3832,Crescent Foundry,3.8,291,1k,35,14
3833,Calsonic Kansei Motherson Auto Products,4.1,291,1.1k,15,--
3834,Sam India Built Well,3.4,291,975,18,--
3835,Eye-Q Super Speciality Eye Hospitals,3.4,291,644,13,7
3836,Bharat Dynamics,4.5,291,689,11,--
3837,Samarth LifeSciences,3.6,290,892,21,2
3838,Lee Pharma,3.4,290,1.3k,18,12
3839,Shriram Chits,3.7,290,695,11,--
3840,Verse Innovation,3.4,291,1.5k,32,--
3841,Softtek,3.8,291,1.9k,24,28
3842,DRA Homes,4.5,290,347,48,3
3843,Locuz Enterprise Solutions,3.7,290,1.4k,23,31
3844,Turing,3.1,289,1.5k,113,7
3845,Lee Pharma,3.4,290,1.3k,18,11
3846,Shriram Chits,3.7,290,695,11,--
3847,Amartex Industries,3.5,290,322,12,13
3848,ONPASSIVE,2.5,290,1.4k,25,--
3849,Orient Paper Mill,4.5,290,647,18,1
3850,Nestaway,3.3,289,1.4k,24,--
3851,Bony Polymers,3.6,289,1.2k,15,1
3852,SMR Automotive Systems India,3.7,288,1.2k,9,--
3853,Tata Memorial Centre,4.0,289,1.1k,8,--
3854,Zee Laboratories,2.9,291,877,32,26
3855,Trackon Courier,3.6,289,1k,14,7
3856,Think Future Technologies,4.5,289,1.1k,55,12
3857,Delhi Duty Free Services,3.7,289,1k,15,1
3858,Levelshift,3.2,289,1.5k,32,9
3859,Automotive Axles,3.9,289,963,6,--
3860,Pitambari Products,4.2,289,997,11,--
3861,Levelshift,3.2,289,1.5k,32,9
3862,OnProcess Technology,3.8,289,876,12,--
3863,Delhi Duty Free Services,3.7,289,1k,15,1
3864,Automotive Axles,3.9,289,963,6,--
3865,Munjal Auto Industries,3.6,289,1.1k,15,--
3866,Highbar Technocrat,3.9,288,1.2k,28,7
3867,AirAsia,3.5,288,1.4k,30,8
3868,SAVIC Technologies,2.4,288,1.1k,21,4
3869,ATLBattery Technology (India) Private Limited,3.7,289,806,56,6
3870,Essae Teraoka,3.6,288,878,10,--
3871,Toyota Tsusho,3.8,288,1.5k,15,6
3872,FOX Solutions,3.8,288,1.2k,35,17
3873,Emmvee Photovoltaic Power,3.5,288,1.1k,20,21
3874,J.M Baxi & Co,3.8,288,1.2k,17,12
3875,Origo Commodities,3.5,288,842,15,2
3876,Bandhan KOnnagar,3.3,289,665,22,2
3877,Clifford Chance,3.7,288,1.9k,20,18
3878,TowerVision India,4.2,287,989,16,--
3879,Banswara Syntex,3.8,288,1k,9,7
3880,Servotech Renewable Power System Ltd.,3.8,288,717,29,14
3881,Easy Home Finance,4.4,287,491,43,8
3882,Southern Petrochemical Industries Corporation,3.6,287,1.5k,24,--
3883,Bacancy Technology,4.2,287,1.2k,68,4
3884,Any Brand,4.2,287,2.1k,117,--
3885,Home Centre,3.9,287,1.2k,18,--
3886,Transworld Systems,3.1,287,1.4k,6,10
3887,MTAR Technologies,3.9,287,1.2k,22,11
3888,Ciron Drugs & Pharmaceuticals,3.2,287,1.4k,24,2
3889,Amrita Institute of Medical Sciences and Research,3.8,287,1k,8,--
3890,Imperative Business Ventures,3.7,287,674,13,1
3891,HM Group,4.5,286,408,36,--
3892,Altera Digital Health,3.1,287,1.7k,31,60
3893,Rupa,3.7,286,925,20,6
3894,Vee Healthtek,3.8,286,1.3k,11,77
3895,Virtusa Software Services,3.6,286,2.6k,47,--
3896,Pfizer Healthcare india pvt lit,3.9,287,1.3k,25,--
3897,TourTravelWorld.Com,4.9,286,2,102,3
3898,ICICI Direct,3.8,286,1.3k,28,--
3899,National Institute for Smart Government,3.6,286,1.7k,30,71
3900,Mantra Technologies,3.6,286,795,34,--
3901,kipi.ai,3.8,286,1.3k,60,--
3902,Siegwerk,3.9,286,1k,21,3
3903,Elcamino Software,3.2,285,874,24,--
3904,Publicis Resources,3.6,285,1.7k,17,15
3905,ANI INTEGRATED SERVICES,3.6,285,1k,21,--
3906,Mas Callnet,2.7,285,858,21,32
3907,Shyam Indus Power Solutions,3.7,285,971,23,13
3908,Popular Vehicles and Services,3.8,285,1.3k,9,3
3909,Balajee Group,3.6,285,886,14,7
3910,Kaleesuwari Refinery,3.9,285,1k,13,7
3911,Dotsquares,2.7,285,2.2k,33,14
3912,Arrow Electronics,4.2,285,1.5k,82,11
3913,Jetking Infotrain,3.7,285,852,13,7
3914,Tommy Hilfiger,3.9,285,809,17,--
3915,MosChip Technologies,3.9,285,1.1k,36,41
3916,Nippon Audiotronix,3.4,285,1.2k,13,--
3917,Gautam Solar,3.9,284,711,28,--
3918,Borgwarner Emission System,3.8,285,1.5k,13,--
3919,Iscon Balaji Foods,3.9,284,988,18,11
3920,Gracure Pharmaceuticals,3.4,284,1.1k,26,3
3921,Ribbon Communication,3.8,285,1.6k,31,--
3922,Worldline Global Services,3.8,285,1.9k,26,12
3923,Meghalaya Cements,4.1,284,987,26,--
3924,Trigyn Technologies,3.8,284,1.8k,28,65
3925,Total Environment Building Systems,4.0,284,1.5k,18,10
3926,LM Wind Power,4.0,283,1.2k,16,--
3927,Kshema General Insurance,4.4,284,565,17,14
3928,Lumax Auto Technologies Ltd,4.2,283,1.3k,14,--
3929,Rimjhim Ispat,3.4,283,758,12,6
3930,Anand Rathi Share and Stock Brokers Ltd,3.4,283,2k,25,90
3931,Msi Services,4.0,283,958,55,22
3932,Malladi Drugs & Pharmaceuticals,3.6,283,1.3k,25,1
3933,360 Degree Cloud Technologies,3.8,283,1.4k,75,34
3934,Adani Solar,3.6,283,1.1k,36,--
3935,LCC Projects,4.2,283,783,27,10
3936,Ajio Business,3.7,283,565,16,--
3937,Sonata Finance,3.9,284,720,16,--
3938,Quantzig,4.6,283,371,5,1
3939,Mindfire Solutions,4.0,283,1.6k,46,7
3940,Cremica Food Industries,3.8,283,1k,13,--
3941,PurpleTalk,3.7,283,1.6k,29,1
3942,OSB India,3.6,283,1.1k,34,16
3943,Toyota Material Handling,3.7,283,1.1k,15,--
3944,Star Wire India,4.0,283,1.2k,19,3
3945,CloudFoundation,4.8,282,166,1,3
3946,MMC Infotech Services,3.5,282,973,24,4
3947,OneAssist Consumer Solutions,3.9,283,1.2k,23,--
3948,Emerald Jewel Industry India,3.7,282,1.5k,20,--
3949,Ambey Mining,3.4,282,940,39,11
3950,Black Box Limited,2.9,282,1.7k,24,94
3951,Liugong India,3.4,282,1.3k,21,2
3952,Ahana Systems & Solutions,3.8,282,1.5k,24,3
3953,Massmutual Global Business Services,3.8,282,1.7k,9,27
3954,InnovationM,3.8,282,817,31,10
3955,Drydocks World Dubai,3.9,282,566,22,4
3956,Embitel Technologies,4.0,282,2.2k,38,13
3957,INDIAN PUBLIC SCHOOL,3.9,282,1k,21,11
3958,Vserv Infosystems,3.5,282,1.2k,16,2
3959,Ummeed Housing Finance,3.9,282,1.1k,12,--
3960,Chakr Innovation,3.7,281,924,43,6
3961,Outpace Consulting Services,4.6,284,132,77,--
3962,AvenData GmbH,4.0,281,610,55,--
3963,Dee Vee Projects,3.7,281,919,13,--
3964,Sanmarg Projects,3.9,281,932,21,--
3965,Jbm Auto Components,3.9,281,1.2k,29,--
3966,Kirloskar Electric Company,3.7,281,1.1k,21,12
3967,Omkar Realtors & Developers,3.6,281,912,7,--
3968,Utthunga Technologies,2.9,281,2.1k,40,71
3969,K R Mangalam University,4.4,281,442,58,10
3970,MetroTelworks,3.7,281,804,16,--
3971,Naaptol Online Shopping,3.3,281,943,28,5
3972,HDFC Credila Financial Services,3.6,281,1.4k,17,3
3973,Spectraforce Technologies,3.0,281,1.3k,28,35
3974,Microsense,3.6,281,1k,22,--
3975,Vitesco Technologies,4.4,281,1.7k,26,1
3976,Gupshup,2.8,280,2k,35,--
3977,STYLAM Industries,3.4,280,1.2k,16,8
3978,Tata nexarc,3.1,280,1k,29,2
3979,Suntory Global Spirits India,4.0,280,978,17,6
3980,Edureka,3.0,280,1.4k,29,3
3981,Kangaro Industries,3.5,280,999,16,3
3982,RM Education Solutions,3.3,280,1.8k,29,12
3983,Manappuram Home Finance,4.0,280,888,11,8
3984,Bhavani Industries,3.6,280,1.2k,10,12
3985,ISS SDB Security Services,4.1,280,582,5,6
3986,Rochem Separation Systems,3.6,280,1.2k,19,9
3987,Varmora Granito,4.0,280,845,14,4
3988,Girlscript Foundation,4.9,280,13,73,--
3989,Velnik India,3.2,279,1k,26,2
3990,The Louis Berger Group,4.4,280,700,18,--
3991,Radium Creation,3.9,279,667,9,2
3992,Indian Institute of Science,4.1,279,1.4k,21,5
3993,Kd Logistics,3.8,280,927,21,--
3994,Escalon Business Services,3.8,279,1.1k,30,2
3995,Trivium Education Services,3.7,279,898,31,3
3996,Unicorn Infosolutions,3.2,279,1.1k,13,17
3997,Fourrts,4.1,279,795,14,5
3998,Sun TV Network,3.5,279,1.4k,17,--
3999,Gap,3.5,279,2k,35,34
4000,Sun TV Network,3.5,279,1.4k,17,--
4001,Trivium Education Services,3.7,279,898,31,3
4002,Unicorn Infosolutions,3.2,279,1.1k,13,17
4003,Royal Research,2.0,279,477,28,--
4004,Hitachi Astemo Rajasthan Brake Systems,4.3,278,859,25,--
4005,Jayashree Polymers,3.7,278,1.3k,24,--
4006,Petrocon Engineers & Consultants,3.7,278,966,27,12
4007,Calpion Software Technologies,3.5,278,1.6k,22,81
4008,I P Integrated Services,3.7,278,818,12,--
4009,Befree Business Resourceing,3.2,278,1.5k,54,26
4010,Bihar Rural Livelihoods Promotion Society,3.7,278,658,16,--
4011,Veer-O-- Metals,4.2,278,1.2k,17,--
4012,Polyplex,4.1,278,1k,10,17
4013,Dover India,4.0,278,2.2k,37,15
4014,Walchandnagar Industries,3.2,278,1.1k,11,6
4015,Oriflame India,4.1,278,820,18,--
4016,Fujitec,3.9,278,1.3k,11,5
4017,Eastman Chemical Company,4.0,277,858,17,5
4018,Vanderlande Industries,3.9,277,1.7k,26,35
4019,Asia-Pacific Institute of Management,3.7,277,378,19,12
4020,Big C,3.8,277,676,17,15
4021,Videocon Industries Ltd.,3.9,277,853,11,--
4022,Vision Rx Lab,3.9,277,953,14,--
4023,Infineon Technologies,3.6,277,2.6k,46,140
4024,HYUNDAI TRANSYS INDIA,3.8,277,1.4k,20,2
4025,Classplus,3.7,277,1.6k,33,2
4026,Kunal Structure,3.9,277,817,15,--
4027,American Express Global Business Travel,4.2,277,1.8k,17,120
4028,Asia-Pacific Institute of Management,3.7,277,378,19,12
4029,Vanderlande Industries,3.9,277,1.7k,26,35
4030,Sir Ganga Ram Hospital,4.1,277,839,9,1
4031,Phoenix Contact,4.0,276,1.4k,27,9
4032,Muthoot Pappachan Group,4.0,276,904,14,--
4033,Confederation of Indian Industry,3.3,276,1.4k,22,7
4034,MM Forgings,3.4,276,1.4k,17,1
4035,Smart Chip,3.9,276,732,14,--
4036,Nippon Express,3.8,276,1.2k,11,--
4037,Superhouse,3.3,276,1.1k,22,--
4038,The Sleep Company,4.2,276,912,28,53
4039,Innover Digital,4.2,276,775,22,10
4040,Confederation of Indian Industry,3.3,276,1.4k,22,7
4041,Zeetech Management And Marketing,3.8,276,47,9,--
4042,Weblink In,3.9,275,974,25,12
4043,Zee Media Corporation,3.4,275,1.4k,15,3
4044,Government of Maharashtra,3.8,275,1.7k,21,--
4045,Indo Amines,3.1,275,1.4k,20,5
4046,Suresh Surana & Associates,3.1,275,1k,15,3
4047,Advance India Projects,4.2,275,961,43,1
4048,IDP IELTS,3.4,275,1.6k,13,--
4049,Venkateshwar Hospital,3.5,275,1k,18,23
4050,Vayam Info Solutions,4.0,275,851,17,--
4051,Chain-Sys,3.1,275,2.3k,23,--
4052,Roche Diagnostics,3.7,276,1.4k,32,--
4053,Interface Microsystems,3.7,275,1.3k,31,4
4054,Ocrolus East,3.4,276,888,24,7
4055,Powerica,3.7,275,1.1k,14,3
4056,Policyboss.com,3.3,275,1k,12,13
4057,Meenakshi Polymers,3.6,275,1k,17,--
4058,SMS Limited,4.1,275,2.4k,14,45
4059,Netafim Irrigation India,4.1,274,912,14,--
4060,Puzzolana Machinery Fabricators,4.1,274,889,25,--
4061,HiyaMee Private Limited,2.9,274,1.8k,16,--
4062,EGIS,4.1,274,1k,13,--
4063,Freelancer.com,4.1,274,41k,78,26
4064,Shaily Engineering Plastics Ltd,4.1,274,1.2k,18,14
4065,Nalco water,3.8,274,1k,16,16
4066,Qualys,3.7,274,2.4k,49,1
4067,ARCIS e Services,3.6,274,700,7,10
4068,PaySquare Consultancy,3.8,274,1.7k,14,7
4069,Bajaj Hindusthan,4.1,274,857,13,--
4070,Lipi Data Systems,3.8,274,870,8,1
4071,Gatewaypark Business,4.6,259,3,19,--
4072,Kosamattam Finance,3.8,273,793,12,1
4073,Cholamandalam Securities,3.5,273,726,11,--
4074,Century Pulp & Paper,3.9,273,1.1k,26,1
4075,Teachmint,3.9,273,1.2k,51,27
4076,Hindustan Latex Family Planning Promotion Trust,3.4,273,625,10,30
4077,Ginesys,3.8,273,697,71,21
4078,Apparel Group India Private Limited,3.5,273,1.6k,25,2
4079,Indian Molasses Company,3.7,273,1.4k,24,20
4080,Isc Projects,3.9,273,795,18,--
4081,ICFAI Business School,3.5,273,988,29,5
4082,Forbes & Company,3.7,273,1.2k,17,15
4083,TimesPro,3.2,273,1.5k,21,7
4084,BARC,4.4,273,974,33,--
4085,Reliable Autotech,4.1,273,1.1k,9,13
4086,Star Hospitals,4.0,273,877,9,--
4087,Al-Yamama Group,3.5,272,473,16,--
4088,P&O Cruises,3.6,272,354,11,--
4089,StudyIn,4.0,272,692,40,10
4090,Noida Power Company,4.3,272,1.2k,26,--
4091,EVRY India,4.5,272,1.4k,19,1
4092,Bajaj Finserv Health,3.6,272,1.6k,22,9
4093,Niine,3.7,272,765,15,4
4094,Mitsuba Sical,3.9,272,901,19,--
4095,Arrow,4.4,271,208,14,1
4096,SasMos HET Technologies,3.7,271,1.4k,18,4
4097,Sv Creditline,3.7,271,570,7,--
4098,Aqualite India,3.7,271,915,19,--
4099,Bhilai Engineering Corporation,3.6,271,1.1k,11,1
4100,Adani Realty,3.6,271,1.6k,28,--
4101,Techolution,3.5,271,1k,66,4
4102,Adonmo,4.4,272,563,28,--
4103,Vcs Quality Services,3.9,271,955,19,--
4104,Shriram Group,4.0,271,1.4k,11,--
4105,Eastern Software Solutions Pvt. Ltd,3.8,271,1k,19,--
4106,SHL,3.4,271,2.1k,18,7
4107,FICO,3.4,271,2.2k,45,23
4108,Milky Mist Dairy Food,4.0,271,1.2k,26,--
4109,Schneider Electric Infrastructure,4.2,270,1.3k,7,--
4110,Shriram Properties,4.0,270,1.3k,27,3
4111,Siddha Group,3.9,271,916,22,33
4112,ICICI Foundation for Inclusive Growth,3.6,270,666,18,--
4113,East African (I) Overseas Dehradun,4.0,270,758,76,6
4114,S G Encon,3.6,270,635,19,--
4115,RACL Geartech,4.2,272,843,21,--
4116,Synergy Maritime,4.0,270,1.3k,24,13
4117,Sonalika Group of Companies,3.7,270,1.3k,22,10
4118,Goldstone Cements,3.3,270,1.1k,22,--
4119,Seven Hills Hospital,3.8,272,812,13,42
4120,Don Bosco School,3.5,270,578,18,--
4121,Bonn Group,3.9,271,1k,15,--
4122,Himalaya Opticals,4.4,270,553,39,5
4123,Technique Control Facility Management,3.7,271,1k,17,2
4124,Sgs Tekniks Manufacturing,3.9,270,1k,18,9
4125,Olam Group,3.7,270,2.8k,42,36
4126,InKnowTech,3.1,270,1.4k,23,--
4127,Healthium Medtech,3.4,270,1.2k,21,19
4128,Wishfin,3.3,270,1.1k,11,8
4129,International Flavors & Fragrances,3.7,270,1.7k,21,52
4130,Nalco,4.1,270,789,27,9
4131,Sundaram Business Services,3.7,270,1.1k,13,1
4132,Cargo Service Center India,3.7,270,806,14,2
4133,Normet,3.8,270,1.1k,18,5
4134,Hetero Biopharma,3.8,270,1k,17,--
4135,Hero Vired,4.5,269,536,15,1
4136,Yakult Danone India,3.7,269,774,13,15
4137,Grauer & Weil (i),3.3,269,1.2k,18,--
4138,East India Udyog,3.9,269,866,17,9
4139,MAN Truck & Bus,2.6,269,986,16,23
4140,Alivira Animal Health,4.1,269,995,19,1
4141,Anaptyss,4.0,271,703,16,1
4142,Kalinga Commercial Corporation,3.8,269,802,28,1
4143,Boston Scientific,3.9,269,1.8k,23,14
4144,Terex,3.9,269,1.5k,12,1
4145,Brinton Pharmaceuticals,4.3,269,556,21,--
4146,Bacardi,3.9,269,984,18,--
4147,Fashion TV,3.0,269,463,27,25
4148,National Institute of Technology,4.3,269,1.3k,15,--
4149,Walking Tree,3.2,269,1.4k,30,27
4150,Kanwar Enterprises,3.5,269,976,18,6
4151,Hero Electric,4.0,268,1.1k,18,--
4152,BuildAHome,4.5,268,348,83,2
4153,Butterfly Gandhimathi Appliances,4.0,269,1.1k,9,4
4154,Alchem International,3.8,268,977,17,2
4155,Utkarsh Classes,4.1,268,416,12,4
4156,Intech Organics,3.0,268,1.1k,29,7
4157,indiagold,4.5,268,542,45,14
4158,Everest Fleet,3.0,268,1k,16,24
4159,MindCraft Software,3.6,269,1.9k,30,2
4160,Cholamandalam MS Risk Services,3.7,268,841,24,--
4161,Faber India,4.3,268,967,16,--
4162,MITA,3.8,267,889,23,--
4163,Rakon,3.7,267,1.1k,14,--
4164,Indo Count Industries,3.6,267,1.3k,12,31
4165,Centific,3.4,267,1.5k,24,12
4166,Central Institute of Mining and Fuel Research,3.9,267,649,6,--
4167,Expertise Contracting Company,3.5,267,889,24,--
4168,Tata Autocomp Gotion Green Energy Solutions,3.8,267,806,25,--
4169,Enzene Biosciences,4.0,267,1.3k,23,11
4170,Valmet,4.0,267,1.3k,15,22
4171,Keka Technologies,3.1,268,1.8k,50,116
4172,Creamy foods,3.8,267,909,27,4
4173,Eastern Condiments,3.9,267,759,15,--
4174,Bombardier Transportation,4.4,267,1k,12,--
4175,Della Adventure Resort,3.8,267,762,15,13
4176,L&T Realty,3.7,267,1.1k,14,--
4177,Sumadhura Infracon,4.0,267,1.3k,21,23
4178,Karnataka Bank,3.8,266,1.1k,17,--
4179,Flipspaces,4.0,266,919,18,21
4180,Reliance resQ,4.0,266,591,13,--
4181,Flipspaces,4.0,266,919,18,21
4182,Karnataka Bank,3.8,266,1.1k,17,--
4183,Dbs Mintek,3.4,267,1.4k,21,5
4184,Apex CoVantage,3.0,266,1.3k,12,9
4185,99acres,3.6,266,1.2k,37,--
4186,Manipal University,4.1,266,1.2k,34,1
4187,Strada,3.5,266,3.2k,23,25
4188,Lafarge,4.6,266,519,10,--
4189,Opkey,4.5,266,550,26,30
4190,Immacule Life Sciences,3.3,266,1k,25,--
4191,Centillion Networks,3.7,266,1.6k,35,6
4192,NEC Software Solutions,3.9,266,1.9k,24,37
4193,Annora Pharma,3.6,266,1.1k,33,--
4194,Sunteck Realty,3.3,266,1.5k,23,5
4195,Dnata,3.1,265,917,20,6
4196,Reliance Fresh,4.4,265,548,20,--
4197,Naandi Foundation,3.9,265,591,19,--
4198,Shriram Value Services,3.9,265,542,3,--
4199,OmniActive Health Technologies,3.4,265,1.2k,18,6
4200,Operational Energy Group India,3.9,265,893,16,11
4201,Brink's,4.0,265,678,10,--
4202,MEDOPHARM,3.9,264,1.1k,16,2
4203,Protean eGov Technologies,3.5,264,1.7k,16,18
4204,KiwiTech,3.6,264,1.5k,32,1
4205,Century Enka,4.0,264,922,16,27
4206,Stellar Information Technology,3.7,264,1.1k,24,28
4207,IPROCESS BUSINESS SOLUTIONS,3.7,264,641,14,--
4208,The Professional Couriers,3.4,264,1.1k,8,24
4209,Shivalaya Construction,4.2,264,922,11,--
4210,Shakambhari Ispat & Power,3.6,264,1k,22,3
4211,Credit Saison India,3.6,264,1.3k,14,30
4212,Electronic Arts,4.0,264,2.3k,30,26
4213,Unitech,3.6,264,1.1k,9,17
4214,Gujarat Gas,3.8,264,900,17,3
4215,Nandan Petrochem,3.7,264,1k,24,16
4216,Sakra World Hospital,4.1,264,893,12,13
4217,Jspiders,3.6,263,603,21,--
4218,greytHR,3.8,263,1.2k,38,1
4219,Supermax Personal Care,3.5,264,954,17,--
4220,Uniqlo,2.8,263,723,28,2
4221,Belstar Investment and Finance,4.1,263,730,8,1
4222,Insecticides India,4.0,263,1.2k,18,2
4223,Wilo Mather and Platt Pumps,3.9,263,1.2k,17,8
4224,The KCP,4.1,263,961,18,8
4225,Etisalat,3.3,263,1.2k,17,--
4226,GfK MODE,3.4,263,1.6k,25,--
4227,Cochin Shipyard,4.2,263,1.1k,12,--
4228,SUN Mobility,3.9,263,1.4k,34,2
4229,Apna,3.3,263,1.2k,40,2
4230,Enpro Industries,4.3,263,1.1k,25,12
4231,Sentiss Pharma,3.5,263,1.1k,8,5
4232,Trimble,3.8,263,2.3k,34,51
4233,Allengers Medical Systems,3.6,263,1.2k,16,38
4234,Toshiba Software India,3.5,263,1.7k,22,6
4235,Mouser Electronics,3.5,263,1.8k,37,80
4236,Mitsubishi Elevators,4.1,262,926,8,1
4237,JRG Automotive india,3.3,262,953,15,--
4238,Rosenberger Electronic,3.9,262,1.1k,13,1
4239,RentoMojo,3.8,262,1k,12,77
4240,Indian Railway Catering and Tourism,3.8,262,920,12,--
4241,RentoMojo,3.8,262,1k,12,77
4242,Rosenberger Electronic,3.9,262,1.1k,13,1
4243,Mouser Electronics,3.5,263,1.8k,37,80
4244,Liberty Shoes,3.8,262,940,20,3
4245,UNICEF,4.0,262,726,31,--
4246,Gujarat State Fertilizers & Chemicals,4.2,262,1k,13,--
4247,JGC Corporation,4.4,262,586,38,7
4248,Accurex Biomedical,4.4,263,267,68,--
4249,Tata Strive Skill Development Centre,3.9,261,607,31,--
4250,Pinkerton,3.7,261,932,13,18
4251,JM Financial Home Loans,4.0,261,647,9,1
4252,Nesma & Partners,4.1,261,499,10,--
4253,Sahajanand Medical Technologies,3.5,261,1.3k,12,10
4254,Winjit Technologies,3.6,261,2k,45,34
4255,Terralogic Software Solutions,2.9,261,2k,34,83
4256,Yatharth Hospital,3.8,261,966,14,3
4257,Omega Healthcare Solutions,3.7,262,1.8k,39,--
4258,SCM Garments,3.6,261,1.1k,17,--
4259,Fingent,3.9,261,968,28,24
4260,Rostfrei Steels,3.8,261,846,36,11
4261,Applus IDIADA,4.0,261,685,40,9
4262,Diffusion Engineers,4.0,261,640,16,1
4263,Hidden Brains InfoTech,3.6,261,843,20,16
4264,ReachLocal Services,3.5,261,1.1k,23,--
4265,Sigachi Industries,3.8,261,1.2k,27,--
4266,Cogito Tech,2.4,260,706,32,--
4267,Mamaearth,3.8,260,1.3k,29,32
4268,Medgenome Labs,3.9,260,990,23,2
4269,Novonesis,3.8,260,1.3k,17,--
4270,Kutch Chemical Industries,3.9,260,1.1k,21,--
4271,AISECT,3.8,260,814,9,3
4272,Madhu Jayanti International,3.5,260,712,23,18
4273,Caplin Point Laboratories,3.4,260,1.3k,20,14
4274,Shivani Locks,3.7,260,1k,13,--
4275,MBD GROUP,3.3,260,956,13,--
4276,Armstrong Robotics & Technologies Private Limited,3.9,260,1k,32,3
4277,GrapplTech,4.8,259,15,16,--
4278,Piramal Realty,4.1,260,1.2k,14,--
4279,Corsearch,4.0,260,388,11,7
4280,Rajiv Gandhi Cancer Institute & Research Centre,3.9,260,921,16,34
4281,Shyam Steel Manufacturing,3.5,259,887,31,--
4282,STT Global Data Centres India,3.9,258,1.1k,15,--
4283,Binary Semantics,3.4,259,1.5k,22,10
4284,British Airways,2.9,259,1.2k,32,--
4285,Birla Open Minds Education Private Limited,3.2,259,763,19,1
4286,CohnReznick,3.9,259,1.7k,36,29
4287,Fresenius Medical Care,3.8,259,886,17,--
4288,Danieli,3.5,259,1.2k,15,--
4289,Government of Andhra Pradesh,3.8,259,1k,10,--
4290,Roha Dyechem,3.4,259,1.2k,24,--
4291,Dosti Realty,3.7,259,1.1k,19,2
4292,L&T Heavy Civil Infrastructure,4.1,259,981,25,--
4293,Super Auto Forge,3.9,259,1.3k,8,--
4294,Snowman Logistics,4.2,258,951,13,3
4295,Dhruv Research,3.0,258,279,16,--
4296,Anthology,3.4,260,2.1k,26,--
4297,ZIGRAM,3.4,258,1.1k,63,6
4298,Essel Mining & Industries,4.3,259,700,20,--
4299,Birla Tyres,3.7,258,648,7,5
4300,PMT Machines,3.1,258,1k,25,11
4301,Costa Cruise Lines,4.2,258,362,15,--
4302,Essel Mining & Industries,4.3,259,700,20,--
4303,ZIGRAM,3.4,258,1.1k,63,6
4304,Birla Tyres,3.7,258,648,7,5
4305,LIXIL,3.8,258,1k,15,511
4306,Amity Software Limited,4.0,258,771,22,18
4307,Rossell Techsys,4.1,258,1.4k,6,--
4308,Maharishi Vidya Mandir,4.0,257,697,20,--
4309,Algonomy,3.9,257,1.3k,11,8
4310,Sparsh Hospital,3.6,257,1.1k,4,62
4311,Dyson,3.7,257,1.1k,21,8
4312,Tractor Junction,4.1,257,452,20,--
4313,Jeena Sikho Lifecare,3.9,257,675,31,35
4314,Oriental Aromatics,3.4,257,1.4k,28,25
4315,Paul Merchants,3.7,257,581,7,10
4316,Wavin,4.1,257,747,17,--
4317,Mobius Knowledge Services,3.4,257,1.6k,9,7
4318,MRO,3.1,257,1.5k,6,6
4319,Oswaal Books and Learning Private Limited,4.1,257,370,34,40
4320,Reliance Cement Company,4.1,256,747,13,--
4321,JP Infra,3.7,257,1.4k,25,2
4322,Hewlett Packard Globalsoft,3.5,256,949,5,2
4323,Quality Council of India,3.3,256,1.4k,24,4
4324,Modi Mundi Pharma,3.8,256,539,11,9
4325,El Seif Engineering Contracting,4.3,256,316,10,--
4326,Unison Pharmaceuticals,4.0,256,1.3k,20,3
4327,Foundation To Educate Girls Globally,4.0,256,551,19,24
4328,Ujala Cygnus,3.7,257,551,17,--
4329,Vistra Corporate Services,3.5,256,1.4k,23,3
4330,Saurav Chemicals,3.6,257,986,20,15
4331,Madras Radiators and Pressings Limited,3.5,256,386,5,--
4332,ACN Health care,3.3,256,1k,15,7
4333,Integra Micro Systems,3.9,256,1.3k,18,--
4334,Dynamatic Technologies,3.7,256,1.3k,15,--
4335,Weddingz.in,2.9,256,918,17,--
4336,Singareni Collieries Company,4.5,256,581,12,--
4337,Mahagun India,3.0,256,995,16,21
4338,Rays Power Infra,4.1,256,687,26,19
4339,Yodlee,3.8,256,1.6k,18,--
4340,Modi Mundi Pharma,3.8,256,539,11,9
4341,Shivaami Cloud Services,4.1,256,527,76,--
4342,GS Engineering & Construction,3.6,255,674,10,1
4343,Online Legal India,4.3,255,57,15,--
4344,Ambica Steels,3.8,255,863,26,4
4345,Searce Cosourcing Services,3.1,255,2.1k,37,4
4346,Xtancia Technosoft,4.0,255,47,40,--
4347,Rehau Polymers,3.3,255,1.1k,14,--
4348,Appasamy Associates,3.7,255,1.1k,12,--
4349,Sudhir Power,3.7,255,1.1k,19,8
4350,Durian Industries,3.7,255,1.1k,23,9
4351,Pahal Financial Services,4.1,255,756,11,3
4352,JSG Group,3.7,255,1.1k,15,14
4353,Cargo Motors,4.1,255,869,13,4
4354,Captain Fresh,3.9,254,1.2k,13,4
4355,Kovai Medical Center and Hospital,4.2,255,960,4,5
4356,Tata Sikorsky Aerospace,3.7,254,1.2k,11,--
4357,Amazon Distributors,3.8,254,513,9,--
4358,Vamani Overseas,3.4,254,1.3k,14,7
4359,Gallantt Ispat,3.8,254,732,17,1
4360,GGS Engineering Services,3.3,254,1.5k,18,--
4361,Hawkins Cookers,3.6,254,825,23,--
4362,Royal Infraconstru,3.4,254,780,20,1
4363,General Energy Management Systems,3.6,254,999,20,35
4364,Mogli labs,3.4,254,1.4k,9,2
4365,GTL Limited,4.3,254,583,10,3
4366,Globus Infocom,4.3,254,622,38,6
4367,Metacube Software,3.8,254,2k,26,6
4368,Indian Oil- Adani Gas,3.8,254,1.2k,22,11
4369,New Allenberry Works,3.4,254,924,16,--
4370,AAFT,4.2,254,492,24,6
4371,Sundaram Home Finance,4.2,254,724,12,11
4372,ATC Telecom Infrastructure,4.3,254,763,14,--
4373,Sequential Technology International,4.1,253,897,11,--
4374,Malabar Group Of Companies,3.7,253,1.3k,8,2
4375,Grassroots BPO,3.4,253,793,10,3
4376,Catch Foods,4.1,253,418,17,--
4377,Leap Finance,3.2,253,1k,76,9
4378,Kinetic Engineering,3.4,253,936,15,14
4379,J. C. Penney,3.9,253,1.6k,21,15
4380,Oncquest Laboratories,3.3,253,895,14,--
4381,Hindware Home Innovation,3.6,253,706,13,--
4382,Tangoe,3.8,253,1.3k,25,--
4383,Leeford Healthcare,4.1,253,605,14,11
4384,KGK Group,3.4,253,1.2k,13,19
4385,Teleindia Networks,3.8,253,1.2k,11,--
4386,Data Marshall,3.3,253,1.3k,13,22
4387,Azad Engineering,3.8,253,1.2k,17,4
4388,British Paints,3.7,252,639,24,--
4389,Vialto Partners,2.9,253,1.5k,35,7
4390,WizKlub,2.8,252,794,33,--
4391,Inland World Logistics,3.5,253,857,12,3
4392,UBI Services,3.6,252,680,11,8
4393,PhyCARE Solutions,3.7,252,951,18,--
4394,Perfios Software Solutions,3.6,252,2.5k,26,18
4395,Welspun Global Brands,3.8,252,853,10,--
4396,Eaton Power Quality,4.1,252,1.2k,12,--
4397,Madhucon Projects,3.5,253,798,16,5
4398,O P Jindal Global University,3.7,252,894,21,11
4399,Oriental Carbon & Chemicals,4.2,252,968,24,--
4400,HyperCITY,4.7,252,388,4,--
4401,GE Aviation,4.0,252,1.3k,23,--
4402,Richfeel Health & Beauty,2.8,252,596,5,--
4403,PhyCARE Solutions,3.7,252,951,18,--
4404,Perfios Software Solutions,3.6,252,2.5k,26,18
4405,Sony India Software Centre,3.8,252,2.1k,36,35
4406,Cordova Publication,3.6,251,542,5,1
4407,Leayan Global,4.0,252,653,10,--
4408,Easyday Club,4.6,251,449,11,--
4409,Avance Consulting Services,3.8,251,1.3k,11,1
4410,Bright Life Care,4.0,251,807,15,1
4411,Steel Infra Solutions,3.6,252,911,15,10
4412,Zyoin,3.6,251,856,22,10
4413,Apothecon Pharmaceuticals,4.4,251,1k,21,3
4414,Epigral,4.1,251,1.4k,22,1
4415,Apollo 247,3.5,251,1.7k,24,16
4416,Calderys India Refractories,4.1,251,1k,29,113
4417,Shalina Healthcare,3.3,251,743,13,10
4418,KTL Automobile,3.9,250,1k,24,--
4419,Jain University,3.5,251,943,28,--
4420,Battery Smart,3.3,250,865,19,19
4421,KTL Automobile,3.9,250,1k,24,--
4422,Kisna Diamonds - HK Jewels,3.4,250,583,22,20
4423,Galgotias University,3.3,250,897,18,2
4424,Real Time Data Services,4.1,250,1.3k,30,14
4425,Mahindra Susten,4.4,252,969,13,6
4426,FoodPanda,3.9,250,810,7,--
4427,Motorola,4.2,250,1.1k,18,--
4428,Archirodon,4.1,250,385,19,--
4429,Wheels Emi,3.8,249,839,17,--
4430,Bajaj Healthcare,3.3,249,1.3k,12,3
4431,Millennium Engineers & Contractors,4.2,250,1.1k,13,1
4432,Turtle,3.2,249,690,14,--
4433,Ivy Mobility Solutions,2.6,249,1.9k,22,--
4434,Media.net Software Services (India),3.3,249,2.1k,77,--
4435,MARG ERP,3.5,249,1.2k,23,--
4436,Hill International,4.2,250,743,11,66
4437,KANINI Software Solutions,3.9,249,1.3k,50,12
4438,Enviri,3.8,249,1.3k,18,48
4439,LOTS Wholesale Solutions,3.9,249,978,20,5
4440,Burckhardt Compression,4.0,249,1.1k,10,9
4441,Objectways Technologies,3.1,249,1.5k,17,1
4442,Canam Consultants,3.3,249,823,12,18
4443,Meghmani Industries,3.5,249,1.2k,13,--
4444,Meneta Automotive Components,3.8,249,921,20,--
4445,Betsol,3.5,249,1.4k,41,7
4446,Laborate Pharmaceuticals,3.7,249,883,20,--
4447,ASUS,4.2,249,941,22,8
4448,Barista Coffee Company,4.3,249,666,10,4
4449,Ricoh,3.9,249,719,9,--
4450,Electropneumatics & Hydraulics (I),4.1,248,1.1k,23,10
4451,Xeam Ventures,3.5,248,851,14,--
4452,Infocus Technologies,3.9,248,635,25,--
4453,ITCONS e-Solutions,3.3,248,605,17,5
4454,Toyotetsu India Auto Parts,3.9,248,821,12,10
4455,Stanley Lifestyles,4.0,248,858,23,25
4456,Intersoft Data Labs,3.6,248,1.4k,22,10
4457,C. L. GUPTA EXPORTS,4.3,248,826,8,--
4458,RG Stone Urology & Laparoscopy Hospital,4.0,248,726,7,90
4459,Aditya Infotech,4.3,249,1.1k,14,6
4460,Naga Limited,3.7,247,1.3k,16,3
4461,Som Autotech,4.0,247,947,16,--
4462,Aditya Infotech,4.3,249,1.1k,14,6
4463,Kotak Mahindra General Insurance,3.7,247,1.4k,14,--
4464,Simpson,3.4,247,1.2k,12,9
4465,Lloyds Technology Centre,3.5,247,3k,54,66
4466,Trantor,3.8,247,1.8k,29,21
4467,Cardinal Health,4.0,247,1.2k,34,10
4468,Asian Heart Institute,3.9,247,433,30,41
4469,Newgen Knowledge Works,3.4,247,1.2k,14,--
4470,Exusia,3.4,247,767,28,1
4471,IIT Madras,3.9,247,1.1k,28,6
4472,ITW India,3.7,247,1.1k,16,6
4473,Godawari Power & Ispat,4.3,247,821,15,1
4474,Mangalam Cement,4.0,247,916,17,24
4475,Business for Social Responsibility,3.1,247,521,19,--
4476,InvestoXpert,4.4,247,422,132,3
4477,Securens System,3.9,247,752,9,185
4478,Amantya Technologies,4.0,247,1.4k,51,77
4479,Ruloans,3.7,246,1.1k,19,6
4480,Ruloans,3.7,246,1.1k,19,6
4481,Sai Service,3.7,246,1.1k,14,--
4482,DM Consultants,1.5,246,61,3,--
4483,Saint Gobain Sekurit India,3.7,246,900,16,--
4484,Latinem,3.8,247,543,52,20
4485,Terrier Security Services,4.2,246,646,13,--
4486,L. V. Prasad Eye Institute,4.2,246,626,13,1
4487,Honasa Consumer,3.5,246,892,21,7
4488,Narmada Bio Chem,4.9,246,283,6,1
4489,L&T Water & Effluent Treatment,4.1,246,312,10,--
4490,NextGen Healthcare,3.7,246,1.6k,18,--
4491,PMEA Solar Tech Solutions,4.0,246,1k,15,--
4492,Essar Power,4.0,246,1k,7,--
4493,Sraco,3.7,247,567,30,--
4494,Interocean Group,4.4,246,260,9,10
4495,Huntsman International,4.2,246,1k,11,4
4496,Vantive,4.5,246,245,88,12
4497,Agilysys Technologies India,3.3,246,2.6k,60,11
4498,The Smart Cube,3.5,246,1.9k,30,--
4499,Smith+Nephew,4.1,246,1.5k,12,23
4500,GyanSys Inc,2.7,246,2.3k,17,41
4501,House of Hiranandani,4.6,245,556,40,--
4502,Diamond Beverages,3.0,246,767,28,--
4503,Raj Petro Specialities,3.9,245,1k,7,--
4504,iServeU,4.2,245,1.1k,25,10
4505,Lucy Electric,3.9,245,1.1k,17,32
4506,Niwas Housing Finance,4.1,245,642,10,9
4507,Credera,3.2,245,1.8k,41,28
4508,Agappe Diagnostics,4.0,245,736,25,11
4509,Mayfair Hotels & Resorts,4.2,245,826,17,7
4510,IIFL Securities,3.8,245,1.6k,22,--
4511,Bombay Stock Exchange,3.5,245,1.6k,9,1
4512,Adfactors PR,3.3,245,1.8k,17,15
4513,Sophos Technologies,3.8,245,1.8k,28,11
4514,Rittal,3.8,245,1.1k,15,2
4515,Arrise Bpo Solutions,3.5,245,704,8,13
4516,Health & Glow,3.7,245,1.2k,16,--
4517,Riddhi Corporate Services,3.9,244,784,14,--
4518,Bizcrum Infotech,3.5,245,800,14,--
4519,Anand Rathi Global Finance,3.2,244,996,22,--
4520,VSynergize Outsourcing,3.1,244,903,8,13
4521,Cryoviva Biotech,3.4,244,615,14,1
4522,Clearpack,4.1,244,1.1k,26,--
4523,GMM Pfaudler,3.8,244,1.3k,13,--
4524,Everllence,3.7,245,1.2k,15,7
4525,Coolberg Beverages,3.3,245,495,25,--
4526,Varite,3.4,244,1.2k,20,22
4527,Toshiba,4.2,244,1.2k,33,--
4528,Rishabh Software,3.6,244,1.7k,14,47
4529,Allianz,4.4,244,1.7k,20,8
4530,Sika,3.8,244,953,22,20
4531,Global Edge Software,3.4,244,1.6k,25,--
4532,Microchip Technology,3.8,244,1.9k,40,91
4533,Plada Infotech Services,3.5,244,747,11,4
4534,Dataflow Group,2.9,244,1.1k,19,15
4535,OneBanc Technologies,4.8,244,214,41,6
4536,National Contracting Company,4.0,244,648,4,--
4537,Chandigarh Group of Colleges,3.8,244,837,21,1
4538,Pacific Cyber Technology,3.6,243,874,15,17
4539,Shri Bajrang Power & Ispat,3.9,243,992,23,14
4540,Amber,4.0,244,682,36,16
4541,VERITY GLOBAL SOLUTIONS,3.5,243,1.3k,14,--
4542,Central Tool Room & Training Centre,4.1,243,622,7,--
4543,Goodluck,3.8,244,879,24,--
4544,Apollo Pipes,3.9,243,874,16,8
4545,Zamil Steel Buildings India,4.0,244,1.2k,10,9
4546,Sales India,4.0,244,1.6k,32,--
4547,Net Solutions,3.8,243,810,10,5
4548,Vinove Software & Services,3.4,243,760,60,--
4549,Housejoy,4.2,243,503,2,--
4550,Health Prime Services (India),3.4,243,910,17,10
4551,Muthoot Money,3.9,243,707,20,--
4552,Niit Foundation,3.9,243,665,15,9
4553,Virgo Laminates,4.1,243,708,6,--
4554,CGM ARIA Health Services,3.6,243,490,24,3
4555,KhataBook,3.5,243,1.3k,18,7
4556,Organic India,4.3,243,947,17,2
4557,Skylark Infra Engineering Private Limited,3.8,242,612,24,4
4558,Student Life,3.9,242,557,57,--
4559,Navata Road Transport,3.7,242,755,15,55
4560,Tokai Rubber Auto Parts India,3.4,243,921,17,--
4561,Navata Road Transport,3.7,242,755,15,55
4562,VGN Projects Estates,3.8,242,695,15,2
4563,Antara Senior Care,3.3,242,920,29,5
4564,Riviera Infraprojects,4.1,242,724,11,3
4565,Interarch Building Product,4.0,242,1k,15,7
4566,Suminter India Organics,3.8,242,826,19,5
4567,Puranik Builders,4.2,242,1.1k,6,13
4568,GeeksForGeeks,2.8,242,1.1k,45,4
4569,PERSOLKELLY,3.4,242,1k,18,227
4570,The Institute Of Chartered Accountants,3.3,242,1.3k,18,12
4571,Dev Information Technology,3.5,242,1.2k,8,9
4572,PIX Transmissions,3.6,242,880,17,28
4573,Madras Engineering Industries,3.8,242,1.2k,11,6
4574,Onkar Infotech,3.9,242,697,10,4
4575,SK E&C,4.4,242,484,11,--
4576,Triveni Turbines,3.5,242,1.4k,37,--
4577,Moveinsync Technology Solutions,3.1,242,1.5k,34,14
4578,Franco-Indian Pharmaceuticals,3.2,242,699,10,--
4579,Amara Raja Power Systems,4.3,242,939,20,47
4580,Sila Solutions,3.7,242,764,19,13
4581,Dalmia Bharat Sugar & Industries,4.1,242,810,19,1
4582,Amara Raja Power Systems,4.3,242,939,20,47
4583,Mahindra Defence Systems,4.0,242,1.2k,15,--
4584,Kharafi National,4.3,241,320,3,--
4585,Vasta Global,3.8,241,1.1k,43,--
4586,RGBSI,3.2,241,1.5k,30,--
4587,Keller Ground Engineering,4.1,241,752,21,--
4588,Chennai Petroleum Corporation,4.6,241,1k,19,--
4589,Jindal India Thermal Power,3.8,241,979,23,--
4590,Vision Express,4.0,244,558,2,--
4591,Innova Captab,4.1,241,802,9,7
4592,YES SECURITIES,3.4,241,1.4k,18,110
4593,Hofincons Infotech & Industrial Services,4.1,241,610,8,--
4594,Capillary Technologies,3.4,241,2k,20,1
4595,Starmark Software,3.3,241,1.6k,20,6
4596,Tatvasoft,3.4,241,1.7k,65,2
4597,IndustryBuying.com,3.0,241,1.2k,23,9
4598,Klaus IT Solutions,3.5,241,1.3k,15,4
4599,JWIL,4.1,241,925,9,--
4600,Jindal India Thermal Power,3.8,241,979,23,--
4601,JWIL,4.1,241,925,9,--
4602,e-Procurement Technologies,3.2,241,862,17,--
4603,Turner Construction,4.0,241,837,12,2
4604,Klaus IT Solutions,3.5,241,1.3k,15,4
4605,Kapture CX,3.4,241,839,23,42
4606,Hofincons Infotech & Industrial Services,4.1,241,610,8,--
4607,Capillary Technologies,3.4,241,2k,20,1
4608,National Petroleum Construction Company,4.4,240,533,11,--
4609,SevenMentor,4.3,240,446,63,91
4610,The Sparks Foundation,4.2,240,325,23,--
4611,Kamineni Hospitals,4.1,240,761,12,5
4612,Botree Software International,3.6,241,1.6k,20,15
4613,SA Infrastructure Consultants,3.4,240,801,11,--
4614,Net Access India,3.8,240,1.2k,33,17
4615,SRM Institute of Science and Technology,3.8,240,1.4k,19,16
4616,Lenexis Foodworks,3.7,240,837,22,13
4617,Envestnet Asset Management,4.1,240,1.8k,20,7
4618,Deen Dayal Upadhyaya Grameen Kaushalya Yojana,3.9,240,475,10,--
4619,Simar Infrastructures,3.7,240,798,15,--
4620,Kuwait Oil Company,4.3,240,749,17,--
4621,Bravura Solutions,3.6,240,1.2k,17,6
4622,Envestnet Asset Management,4.1,240,1.8k,20,7
4623,Live Connections,3.8,240,859,22,10
4624,SA Infrastructure Consultants,3.4,241,801,11,--
4625,Lenexis Foodworks,3.7,240,837,22,13
4626,SRM Institute of Science and Technology,3.8,240,1.4k,19,18
4627,Net Access India,3.8,240,1.2k,33,17
4628,CLR Facility Services,3.7,240,811,11,3
4629,Miraj Cinemas,3.8,239,548,4,--
4630,Arkade Group,3.9,239,306,38,1
4631,WorkIndia,3.1,241,1.4k,34,5
4632,Sterling Hospitals,4.0,239,787,11,--
4633,Sangam India,3.8,240,927,18,6
4634,Radnik Exports,4.1,239,787,7,2
4635,Gen,4.1,239,1.7k,23,13
4636,iVenus,4.2,239,384,41,5
4637,Randstad Global Capability Center,3.6,239,1.5k,25,--
4638,National Securities Depository,3.3,240,1.8k,15,--
4639,Fresher Than Fresh,4.0,239,391,57,--
4640,iVenus,4.2,239,384,41,5
4641,Arkade Group,3.9,239,306,38,1
4642,National Securities Depository,3.3,240,1.8k,15,--
4643,Randstad Global Capability Center,3.6,239,1.5k,25,--
4644,Fresher Than Fresh,4.0,239,391,57,--
4645,Smc Insurance Brokers,3.4,239,849,10,6
4646,Upwork,4.3,239,1.6k,22,6
4647,Income Tax Department India,4.3,239,964,10,--
4648,Galpha Laboratories,3.7,239,737,10,--
4649,Sanjeev Auto Parts Manufacturers,4.0,238,740,16,5
4650,Karanwal Capital,4.6,238,211,102,4
4651,Kanpur Plastipack,3.6,238,776,21,3
4652,KPC Projects,4.0,238,848,21,6
4653,Formidium Corp,2.8,238,1.2k,12,--
4654,Forvia,3.4,242,1.3k,25,--
4655,Kaveri Seed Company,3.9,239,720,23,--
4656,Simpolo Vitrified,4.0,238,794,19,21
4657,Collman Services,3.8,238,725,12,--
4658,Model N,4.5,238,916,31,13
4659,Filatex India,3.6,237,1.1k,16,3
4660,Javi Systems,3.6,237,702,15,--
4661,Identifyplus Delivery Services,3.1,239,405,11,--
4662,Carnival Cinemas,3.7,237,773,8,--
4663,Pinnacle Industries,3.5,237,1.1k,16,3
4664,SkillRecruit,4.4,237,332,9,--
4665,Tesseract Imaging,4.0,237,615,14,7
4666,Crest Data Systems,3.8,237,1.8k,28,19
4667,Shiva Pharmachem,3.8,237,1.1k,5,--
4668,Weikfield Foods,3.4,237,784,12,7
4669,Maruti Ispat And Pipes,3.6,237,503,35,--
4670,Vaidik Eduservices,3.3,240,502,76,29
4671,Lentra AI,2.8,237,2k,23,2
4672,Optiemus Electronics,3.6,237,842,11,6
4673,Fortune Park Hotels,4.0,237,609,10,--
4674,OneCard,3.4,237,1.2k,27,2
4675,Expertrons,3.8,237,622,39,6
4676,Barmalt Malting,3.8,236,912,15,2
4677,St. John's Medical College Hospital,4.1,236,651,5,--
4678,Tirupati Group,4.1,236,1k,11,--
4679,MQSYS Technologies,3.6,237,2.3k,15,--
4680,Sanghvi Movers,4.3,236,663,37,15
4681,Neudesic Technologies,4.1,236,2.1k,39,8
4682,Indiabulls Real Estate,4.4,236,932,9,--
4683,Boston Institute of Analytics,4.3,236,231,84,--
4684,ION Group,2.6,236,1.6k,113,30
4685,11:11 Systems,3.4,236,1.4k,17,3
4686,Mfar Constructions,3.5,236,770,13,--
4687,FEV,3.4,237,1.6k,10,--
4688,ABEC,4.2,236,420,30,11
4689,Chai Point,3.8,236,1.2k,16,14
4690,GlobusSoft,3.8,236,780,36,5
4691,Texas Review,4.0,236,558,71,2
4692,Vara United,3.7,236,684,9,4
4693,Pharmaceutical job,4.2,236,2.1k,23,--
4694,Galva Decoparts,3.5,235,1.1k,17,--
4695,Zifo RnD Solutions,3.7,235,1.2k,69,--
4696,NBCC,4.0,235,780,19,--
4697,Allen Solly,3.9,235,538,16,--
4698,Vserve Ebusiness Solutions,4.2,235,709,4,34
4699,Neon Laboratories,4.1,235,1.1k,8,--
4700,Dish Infra Services,3.1,235,604,7,--
4701,Koyo Bearings India,3.9,235,757,8,--
4702,CTM India Limited,3.4,235,815,8,--
4703,Nagata India,3.8,235,915,12,--
4704,NKC Projects,4.0,234,1k,13,--
4705,Manubhai Jewellers,4.7,235,193,62,--
4706,Arvato,3.7,234,499,2,--
4707,Ginger Hotels,4.0,234,723,9,--
4708,ICICI Merchant Service,3.3,234,641,14,--
4709,Casio India Company,3.4,234,870,24,--
4710,Indo German Tool Room,4.1,234,522,10,--
4711,Mercurius Advisory Services,4.3,236,543,34,20
4712,Annova Solutions,3.7,234,802,18,17
4713,Marathon Realty,3.9,234,827,10,13
4714,Zota Health Care,3.7,234,827,23,16
4715,Airblack,4.0,234,264,26,9
4716,Magnasoft Consulting India,3.3,234,970,19,4
4717,AONE OUTSOURCING SOLUTIONS,4.6,234,314,20,--
4718,National Insurance Company,4.5,234,561,5,--
4719,Shalimar Corp,4.2,234,836,18,11
4720,Magnasoft Consulting India,3.3,234,970,19,4
4721,Zota Health Care,3.7,234,827,23,16
4722,SRM Technologies Pvt.Ltd,3.5,234,2.1k,32,34
4723,Balaji Enterprises,4.5,234,1.4k,11,15
4724,The New India Assurance Co.,4.4,233,653,9,--
4725,Vakilsearch,3.2,234,1.1k,15,20
4726,OASYS Cybernetics,3.3,233,1.3k,12,14
4727,SUGAR Cosmetics,3.8,233,962,23,--
4728,Verzeo,2.7,233,402,33,--
4729,Sanoh,4.1,233,883,14,--
4730,IMSI,3.1,233,793,10,12
4731,Indutch Composites Technology,3.6,233,1.2k,7,7
4732,Parason Machinery,3.3,233,1.2k,30,3
4733,University of Petroleum & Energy Studies,3.8,233,869,18,1
4734,Concentrix Catalyst,3.1,234,2.5k,37,--
4735,American Tower Corporation,3.9,233,1.1k,6,--
4736,Star Engineers India,3.6,233,1.3k,10,13
4737,Sears Holdings,2.9,233,1.4k,13,--
4738,Focus Energy,3.5,233,749,19,5
4739,Bread Financial,3.8,233,1.6k,27,27
4740,Placementindia.com,4.9,233,5,6,4
4741,Google Pay,3.7,233,1.3k,40,--
4742,Sanoh,4.1,233,883,14,--
4743,Star Engineers India,3.6,233,1.3k,10,13
4744,OASYS Cybernetics,3.3,233,1.3k,12,14
4745,Focus Energy,3.5,233,749,19,5
4746,Kroll,3.4,233,1.6k,26,92
4747,Crown Solutions,3.7,233,1.6k,20,--
4748,Bread Financial,3.8,233,1.6k,27,27
4749,Bonito Designs,3.6,233,1.2k,39,1
4750,Sears Holdings,2.9,233,1.4k,13,--
4751,Pittie Group,3.0,233,998,23,1
4752,BillDesk,3.2,233,1.4k,17,9
4753,Radius Global Solutions,2.7,233,993,14,--
4754,HAL Offshore,4.2,233,920,12,--
4755,WeRize,3.1,234,1k,18,13
4756,Rasna,3.4,232,595,18,--
4757,TravelTriangle,3.4,232,957,15,7
4758,MUNDRA SOLAR TECHNOPARK,3.7,232,701,13,--
4759,Asian Institute of Medical Sciences,4.0,232,1.1k,5,--
4760,Rasna,3.4,232,595,18,--
4761,Webtel Electrosoft,3.7,232,1k,12,5
4762,Parle Elizabeth Tools,4.0,232,1k,20,--
4763,Chandan Steel,3.4,232,1k,16,7
4764,Caliber Technologies,3.3,232,1.5k,16,3
4765,Naprod Life Sciences,3.5,232,1k,17,1
4766,Spectrum Consultants,2.4,232,985,30,60
4767,Government of West Bengal,3.6,232,870,10,--
4768,Bull Machines,3.8,232,1.1k,22,25
4769,AGIO Pharmaceuticals,3.5,232,840,42,38
4770,Xchanging,4.1,232,626,4,--
4771,Grazitti Interactive,3.1,232,1.9k,20,107
4772,QualiZeal,4.0,232,626,62,7
4773,Bekaert Industries,4.0,232,982,12,12
4774,M.J Global,3.9,232,293,9,--
4775,Aarti Pharmalabs,3.7,232,1.2k,21,--
4776,National Small Industries Corporation,3.9,231,564,15,--
4777,Harita Techserv,3.4,231,1.2k,22,--
4778,Linfox Logistics,4.1,231,664,5,--
4779,Jitm Skills,3.2,233,636,17,1
4780,Virohan,3.9,231,631,35,7
4781,Nova IVI Fertility,3.8,231,665,17,--
4782,Atibir Industries,3.2,232,618,6,1
4783,Army Ordnance Corps,4.8,231,487,7,--
4784,BoAt,4.3,231,1.3k,11,2
4785,Ammann Apollo,4.0,232,964,14,6
4786,Red Bull,4.0,231,775,14,4
4787,Autometers Alliance,4.4,231,928,16,--
4788,Intuit,3.4,231,2.7k,84,1
4789,ADARSH DEVELOPERS,4.3,231,707,13,3
4790,Infosearch BPO Services,4.1,231,489,13,9
4791,Corecard Software,3.8,231,1.4k,18,--
4792,HMSHost,3.8,231,602,14,4
4793,Bihar Foundry and Castings Limited,4.4,231,320,11,8
4794,UPS Supply Chain Solutions,3.7,231,1.3k,15,--
4795,Finnable Technologies,4.2,231,659,20,3
4796,ITI Finance,4.0,231,481,16,--
4797,Arkray Healthcare,3.6,232,822,7,19
4798,Eversana,3.2,231,1.6k,28,42
4799,SLAP,3.8,231,837,17,--
4800,Bombay Rayon Fashions,3.3,230,831,4,--
4801,ProcMart,3.8,231,537,38,4
4802,Ratna Sagar,3.9,230,738,34,3
4803,Adani Airport Holdings,3.0,231,990,17,--
4804,Reliance Smart Bazaar,4.0,233,552,12,--
4805,IVTL Infoview Technologies,3.5,230,1.6k,11,--
4806,Rajasthan Patrika,3.3,230,945,10,14
4807,Aachi Foods,4.1,230,893,27,2
4808,Box8,3.5,230,819,13,3
4809,EY-Parthenon,2.9,230,2.7k,35,--
4810,VHS Consulting,3.8,230,1.5k,14,--
4811,iD Fresh Food,4.1,230,680,22,2
4812,Save the Children,4.4,230,691,17,--
4813,ILS Hospitals,3.5,230,612,11,12
4814,Med Manor Organics,3.7,230,661,17,2
4815,Metro Brands,3.8,230,937,14,8
4816,S Chand Group,4.1,230,856,5,--
4817,NCL BUILDTEK,3.5,230,894,18,74
4818,Reecomps Teleservices,3.8,229,638,13,--
4819,JAY JAY MILLS,4.1,229,754,17,106
4820,Broker Network,2.4,229,973,12,--
4821,Scania,3.6,229,583,17,--
4822,MASAI School,4.2,229,726,26,1
4823,Renata Precision Components,3.5,229,1.1k,15,12
4824,Fusion,3.1,229,885,18,1
4825,Innoval Digital Solutions,4.7,229,368,9,1
4826,"Sanjay Ghodawat International School, Kolhapur",3.7,229,444,122,9
4827,Prompt Personnel,3.9,229,775,11,--
4828,Akkodis,3.1,229,1.2k,24,6
4829,Genzeon (India) Private Limited,3.9,229,858,53,36
4830,Agiliad,3.3,229,1.7k,35,30
4831,SMS Pharmaceuticals,3.2,229,764,15,--
4832,Trivitron Healthcare,3.3,229,1.1k,25,1
4833,Skechers,4.0,229,776,13,1
4834,Infoesearch Ites,3.2,229,648,30,6
4835,Scc Infrastructure,3.9,229,687,22,4
4836,Regalo Kitchens,3.6,229,520,38,12
4837,EVIO,3.9,229,744,10,12
4838,Kapston Services,4.0,229,871,14,--
4839,Link Group,3.8,229,1.4k,34,--
4840,Grb Dairy Foods,3.6,229,977,13,1
4841,Omprime Technology Private Limited,4.0,228,275,19,7
4842,RASI SEEDS,4.1,228,723,8,--
4843,Kobelco Construction Equipment India,4.3,228,989,21,1
4844,Azim Premji Foundation,3.8,228,729,34,53
4845,Cyrix Health Care,4.4,228,459,43,9
4846,La Renon Healthcare,4.1,228,645,15,12
4847,Flash Viven Machining Technologies,3.6,228,1.2k,15,--
4848,Numerator,3.9,228,1.3k,34,163
4849,Excelra Knowledge Solutions,3.5,228,930,22,8
4850,AT&S,3.8,228,1.2k,11,11
4851,CP Plus,3.9,229,653,17,--
4852,Nordex India,3.8,228,1.1k,15,--
4853,Brij Gopal Construction Company,3.9,228,775,17,--
4854,CPM International,3.9,228,453,20,1
4855,Geetanjali Medical College and Hospital,4.1,228,706,9,2
4856,Games24x7,3.8,228,1.7k,25,9
4857,American Oncology Institute,4.1,228,932,11,66
4858,Aditya Birla Money,4.1,228,720,24,--
4859,Premier Indoplast,3.9,227,714,7,--
4860,Reliance Home Finance,4.5,227,481,2,--
4861,Greenway Health,2.9,227,1.3k,28,1
4862,Sami-Sabinsa Group,3.1,227,1.1k,20,10
4863,Paradise Food Court,3.8,227,849,22,44
4864,LUX Industries,3.5,227,989,10,6
4865,Sonovision-Aetos,3.5,227,1k,18,4
4866,Albert David,3.5,227,593,18,2
4867,Selectsys,3.7,227,1.2k,24,--
4868,Touchstone Educationals,3.4,227,503,17,7
4869,Tecnotree Convergence,3.2,227,1.7k,16,1
4870,APM Terminals,4.4,227,783,10,129
4871,Sugam Parivahan,4.2,227,708,21,5
4872,AGILE AIRPORT SERVICES,3.9,227,423,17,--
4873,Shorthills AI,3.8,228,520,12,3
4874,Mantri Developers,3.3,227,942,9,11
4875,Finorchem Limited,3.7,227,814,28,5
4876,Linc,3.5,227,900,15,4
4877,ABCD,4.0,227,5.5k,100,1
4878,BluSmart,3.9,228,907,20,--
4879,Jaypee Hotels,3.9,227,666,11,--
4880,Zydus Hospira Oncology,4.2,227,707,7,--
4881,Radio Mirchi,3.4,227,1k,19,--
4882,bebo Technologies,3.5,227,1.3k,29,12
4883,Pontika Aerotech,3.6,227,767,18,1
4884,SunMax Auto Engineering,3.5,227,644,12,4
4885,Sears IT & Management Services India,3.1,226,1.3k,15,--
4886,Oasis Partners Asia,3.9,227,724,11,--
4887,Umedica Laboratories,3.6,226,1.2k,13,12
4888,PIT Solutions,3.9,226,1k,17,22
4889,Pure & Cure Healthcare,4.0,226,653,9,--
4890,Sneha Farms,4.0,226,828,13,9
4891,Impressico Business Solutions,4.5,226,1k,15,16
4892,Q3 Technologies,3.6,226,1.6k,32,19
4893,Tide - Business Management Platform,3.7,226,1.3k,41,77
4894,NIELIT,4.1,226,659,18,--
4895,BPL Medical Technologies,3.5,226,940,15,10
4896,WEG,4.1,226,1.2k,18,--
4897,Reliance Money,4.3,226,796,4,--
4898,Maral Overseas,3.7,226,827,8,--
4899,Balasore Alloys,3.1,226,727,16,1
4900,Affluent Global Services,2.9,225,1.2k,15,--
4901,Biotique,3.0,225,714,17,--
4902,Ivy Hospital,3.6,225,761,10,20
4903,Jakson Green,4.3,225,503,19,--
4904,Advantum Health,2.8,225,820,13,7
4905,Om Innovation Call Services,3.6,225,749,6,--
4906,Ritz-Carlton,4.1,225,564,10,--
4907,Centaur Billing,3.9,225,316,64,4
4908,Sand Martin Consultants,3.0,225,875,29,1
4909,WPIL,3.4,225,844,19,--
4910,Neolite Zkw Lightings,3.8,225,883,21,10
4911,JPM Group,3.9,225,1.1k,11,--
4912,Changepond Technologies,2.9,225,1.9k,30,7
4913,S&IB Services,4.0,226,775,6,--
4914,AABSyS IT,3.3,225,992,9,--
4915,Sarda Energy & Minerals,4.0,225,827,11,8
4916,The Indian Express,4.0,225,1.2k,8,--
4917,TRF,3.5,225,872,11,--
4918,Uniinfo Telecom Services,3.6,225,504,13,10
4919,Learning Links Foundation,4.1,225,816,14,10
4920,Ceragon Networks,3.8,225,835,14,2
4921,Gold's Gym,4.0,225,648,15,2
4922,Andhra Paper,3.6,225,1.1k,21,3
4923,ExpertCallers,3.5,225,871,15,4
4924,Beumer Group,4.0,224,924,18,17
4925,Informatica Business Solutions,3.8,224,2k,41,--
4926,Charak Pharma,3.6,224,754,12,1
4927,Kriti Industries,3.6,224,685,14,1
4928,Essel Group,4.2,224,1k,7,--
4929,VRC Constructions India,3.8,224,693,9,--
4930,Vcare Call Center,3.6,224,555,19,5
4931,Precision Group,3.5,224,1.6k,11,--
4932,Gem Engserv,4.0,224,902,29,--
4933,RSH Global,4.2,224,745,8,--
4934,Bank Muscat,4.2,224,1.9k,24,--
4935,FarEye,3.2,224,1.6k,30,2
4936,Dhandhania Infotech,3.2,224,1.1k,18,4
4937,Shankaranarayana Constructions,4.0,224,793,23,2
4938,Ileads Auxiliary Services,3.0,224,686,18,7
4939,Z1 Tech,4.1,224,395,18,21
4940,Orange Mantra,3.7,224,1.1k,33,25
4941,Verifacts Services,3.4,224,746,17,4
4942,Olympus,3.7,224,1k,9,--
4943,La-Gajjar Machineries,4.3,224,686,8,--
4944,Z1 Tech,4.1,224,395,18,21
4945,Shankaranarayana Constructions,4.0,224,793,23,2
4946,Dhandhania Infotech,3.2,224,1.1k,18,4
4947,Ileads Auxiliary Services,3.0,224,686,18,7
4948,FarEye,3.2,224,1.6k,30,2
4949,GLA University,3.6,224,828,18,11
4950,Ritu Kumar,4.1,224,810,14,--
4951,Teerthanker Mahaveer University,3.4,224,677,11,36
4952,Archwell Operations,3.4,223,1.3k,10,--
4953,Pearl Precision Products,3.9,223,662,8,4
4954,AbbVie Inc.,3.7,223,960,13,2
4955,Schott Poonawalla,3.5,223,1.1k,8,4
4956,Promea Therapeutics,4.1,223,498,21,27
4957,Essae Digitronics,4.1,223,796,12,1
4958,Nuance Communications,4.1,223,1.4k,26,--
4959,CompuGroup Medical,3.3,223,855,17,--
4960,Steelman Telecom,3.9,223,675,8,--
4961,Coffee Day,3.1,223,983,22,--
4962,Zeelab Pharmacy,3.7,223,638,50,20
4963,B4S Solutions,4.0,223,663,11,1
4964,Copart,3.1,223,1.5k,31,4
4965,Stratosphere IT Services,3.1,223,1.4k,11,--
4966,Veltris,3.7,223,1.1k,22,18
4967,Programmers.io,4.0,223,972,31,55
4968,Ventra Health,3.1,223,975,16,72
4969,Echs Polyclinic,4.2,223,417,13,--
4970,Sankey Solutions,3.8,223,627,37,--
4971,Steril Gene Life Sciences,3.8,222,1k,16,4
4972,KNR Constructions,4.1,222,759,8,--
4973,Petrofac Engineering India,4.5,222,1k,11,6
4974,Flexituff Ventures International,3.4,222,813,7,--
4975,Augtech Nextwealth,3.8,222,396,38,8
4976,D'Decor Home Fabrics,4.1,222,1.3k,19,9
4977,Wave Infratech,4.0,222,1.1k,27,2
4978,Megafine Pharma,3.9,222,1.1k,6,--
4979,Zenex Animal Health,4.5,222,236,69,2
4980,Zenex Animal Health,4.5,222,236,69,2
4981,Lifelong India,3.9,222,913,19,6
4982,Zones Corporate Solutions,3.0,222,1.2k,21,17
4983,Successive Technologies,3.9,222,2k,27,40
4984,Little Millennium,3.8,222,651,19,6
4985,Ga Digital Web Word,3.5,221,973,17,--
4986,Fortis Memorial Research Institute,4.0,221,824,5,--
4987,Hicare Services,3.9,221,858,13,--
4988,Valenta AI Private Limited,4.3,221,619,31,10
4989,Kserve Bpo,4.5,221,453,9,2
4990,Pha India,4.0,221,776,6,1
4991,Sewa Grih Rin,3.4,223,845,9,--
4992,Mehin,3.9,221,576,9,--
4993,Lubi Industries Llp,4.1,222,958,10,9
4994,20Cube Logistics,3.8,221,1k,19,2
4995,Bo International,4.1,221,448,35,28
4996,Airtel Africa,3.1,221,1.1k,44,5
4997,ICPA Health Products,3.2,221,642,15,27
4998,Hyva,3.8,221,1k,20,8
4999,Jagsonpal Pharmaceuticals,3.6,221,628,15,6
5000,Marquardt,3.7,221,1.4k,15,6
5001,Elevate Services,3.1,221,1.1k,21,1
5002,Patton International,3.7,222,931,14,--
5003,Mvs Acmei Technologies,3.9,221,715,16,5
5004,Marine Electricals,3.6,221,1.2k,25,14
5005,Shri Mahavir Ferro Alloys,3.4,221,749,16,--
5006,Innoplexus,4.0,221,614,10,3
5007,Religare Finvest,4.3,221,526,3,--
5008,Kalyani Maxion Wheels,4.1,221,1k,6,--
5009,Bazar India,3.8,221,447,15,--
5010,Sedin Technologies,4.4,221,972,56,29
5011,Matrix ComSec,3.6,221,1.3k,21,23
5012,Nielsen Sports,3.8,221,859,8,37
5013,SIAC SKH India Cabs Manufacturing,3.8,220,774,23,--
5014,SRR Projects,4.1,220,715,16,3
5015,Resonance Eduventures,3.7,220,699,7,--
5016,MINISO,3.7,220,777,19,3
5017,Rustomjee Group,4.0,221,1.2k,22,2
5018,State Street Global Advisors,3.7,220,2.1k,8,--
5019,King George's Medical University,4.2,220,603,9,3
5020,Sun Vacuum Formers,3.9,220,773,18,--
5021,Knest Manufacturers,3.4,220,1.1k,13,1
5022,Colourtex,3.8,220,968,11,4
5023,Merkle,3.4,220,2.1k,28,--
5024,EFKON INDIA,3.8,220,851,14,--
5025,Neogen Chemicals,3.9,220,1.3k,17,11
5026,VisionTek,3.6,220,827,15,4
5027,Moreish Food,3.5,220,520,25,7
5028,United India Insurance Company,4.4,220,603,10,--
5029,Orchid Chemicals & Pharmaceuticals,4.1,220,504,11,6
5030,Pattern Technologies,4.4,220,467,72,52
5031,Cube Highways,4.3,220,651,17,--
5032,MKCL,3.6,220,1k,16,--
5033,Texas Instruments,3.8,220,2.3k,135,135
5034,Xplore-Tech Services,3.2,220,793,21,--
5035,Godrej Capital,3.5,220,1.5k,14,--
5036,Rolta India,3.0,220,878,2,--
5037,Globus Stores,3.7,220,626,9,--
5038,Nuberg Engineering,3.7,220,994,15,13
5039,Veolia,3.9,220,900,13,--
5040,Milk Mantra Dairy,3.7,220,813,19,--
5041,Purnartha Investment Advisors,4.1,219,747,20,4
5042,HEG,3.8,219,905,18,--
5043,Ncc Urban Infrastructure,4.3,219,852,16,2
5044,Sutlej Textiles and Industries,3.8,219,876,8,--
5045,Lapiz Digital Services,2.8,219,1.1k,13,14
5046,Hippo Homes,3.4,219,688,14,--
5047,Shaw Toyota,4.9,219,141,39,--
5048,Fragomen Immigration Services,3.4,220,961,17,--
5049,IPCS GLOBAL SOLUTIONS PVT LTD,4.4,220,316,60,5
5050,Blazeclan Technologies,3.7,219,1.7k,21,--
5051,Blue Cross Laboratories,3.8,219,639,14,3
5052,Tata Housing Development Company,4.3,219,912,11,1
5053,Preethi Kitchen Appliances,3.9,219,685,8,--
5054,SGB By BrandSafway,3.8,219,658,22,2
5055,RAXA,4.3,219,466,5,1
5056,Nineleaps Technology Solutions,4.2,219,1.2k,39,4
5057,SAVA Healthcare,3.9,219,808,14,71
5058,ONLEI Technologies,4.9,218,20,25,2
5059,DAZN,2.6,220,1.6k,38,67
5060,BeatO,3.3,219,609,20,--
5061,Absolute Barbecues,4.0,218,861,9,--
5062,Shangri-la Hotels & Resorts,4.2,218,526,5,--
5063,Techahead Software,4.0,218,831,38,8
5064,PrepLadder,2.8,218,943,31,14
5065,Coastal Marine Construction & Engineering,4.2,218,796,23,16
5066,Yaantra,3.7,218,556,11,--
5067,ONLEI Technologies,4.9,218,20,25,2
5068,Busy Infotech,4.0,218,819,14,11
5069,OPG Mobility,3.1,218,658,14,--
5070,Agrim,3.5,218,804,26,37
5071,Emirates Airlines,3.9,218,853,25,11
5072,Flex Technologies,4.0,218,1.6k,12,--
5073,Optimus Drugs,3.9,218,1k,12,--
5074,Born Group,3.6,218,1.7k,19,--
5075,DAZN,2.6,220,1.6k,38,67
5076,Algoworks,3.3,218,1.7k,30,33
5077,Furlenco,3.3,218,1.2k,24,--
5078,Excellon Software,4.2,218,1.1k,15,9
5079,SKETS Studio,3.6,218,757,28,4
5080,Meditab Software,3.3,218,1.3k,29,12
5081,Uni Cards,3.8,218,799,27,17
5082,Freedom Employability Academy,4.2,221,532,26,1
5083,Victora Industries,3.7,218,777,13,--
5084,Ibis,4.4,217,617,7,--
5085,ZeMoSo Technologies,3.3,217,1k,163,5
5086,ExcelSoft Technologies,3.5,217,1.7k,21,4
5087,Scyo Decision Services,4.5,217,362,24,3
5088,Aia Engineering,4.1,217,1.1k,20,1
5089,Faiveley Transport,4.0,217,811,14,185
5090,Vensa Infrastructure,4.2,217,693,18,--
5091,Mayur Uniquoters,4.0,217,1k,13,7
5092,Cogent,3.2,217,843,23,--
5093,XenonStack,3.2,217,492,33,80
5094,Software AG,4.3,217,1.6k,25,--
5095,Garden Silk Mills,3.5,217,926,5,9
5096,SrinSoft Technologies,3.8,217,1.2k,24,16
5097,Unthinkable Solutions,2.7,217,1.6k,62,1
5098,Man Industries,3.5,217,1k,14,5
5099,Taggd,3.4,217,704,13,17
5100,KFA Consultant,1.3,216,6,3,--
5101,Prithvi Innerwears Private Limited,4.8,216,63,47,--
5102,Kinetic Green Energy And Power Solutions,3.0,216,938,23,21
5103,Ganit Inc,3.7,217,751,28,2
5104,RegisterKaro,3.6,216,389,76,8
5105,Akbar Travels,3.4,216,964,13,2
5106,Shivam Infocom,4.3,216,574,3,--
5107,Teachers Insurance and Annuity Association of America,3.8,216,2.1k,6,--
5108,South Eastern Coalfields,4.3,216,289,8,--
5109,Biostadt,4.2,216,575,12,3
5110,Savita Oil Technologies,4.1,216,974,12,1
5111,Navitas Life Sciences,3.6,216,1.3k,16,13
5112,VISTRA INTERNATIONAL EXPANSION,3.3,216,1.1k,24,6
5113,CyberSWIFT Infotech,3.2,216,468,11,2
5114,Laxmi-Agni Components and Forging,4.1,216,619,14,--
5115,Walter Bushnell,3.1,216,531,19,--
5116,Consilio,3.6,216,1.3k,26,15
5117,Hinduja Group,3.8,217,1.6k,25,--
5118,BMW Industries,3.4,216,773,10,1
5119,Relevantz Technology Services,3.6,217,1.5k,32,24
5120,Laxmi-Agni Components and Forging,4.1,216,619,14,--
5121,South Eastern Coalfields,4.3,216,289,8,--
5122,Biostadt,4.2,216,575,12,3
5123,Savita Oil Technologies,4.1,216,974,12,1
5124,Navitas Life Sciences,3.6,216,1.3k,16,13
5125,Consilio,3.6,216,1.3k,26,15
5126,VISTRA INTERNATIONAL EXPANSION,3.3,216,1.1k,24,6
5127,CyberSWIFT Infotech,3.2,216,468,11,2
5128,ARB Bearings,3.5,216,823,11,1
5129,Qdigi Services,3.3,215,569,12,6
5130,The Co-operative Bank,3.8,215,755,6,--
5131,Government Medical College,4.0,215,839,6,--
5132,Enser Communications,2.8,215,770,15,5
5133,Chrysalis High,4.0,215,671,17,--
5134,Prakash Industries,3.8,215,941,5,4
5135,Hindustan PowerProjects,3.8,215,893,10,--
5136,MidasCare Pharmaceuticals,3.5,215,660,13,--
5137,Garware Hi-Tech Films,4.0,215,1k,7,13
5138,Bharathi Cement,4.1,215,730,5,--
5139,Bondada Engineering,3.6,215,647,30,66
5140,Hindustan PowerProjects,3.8,215,893,10,--
5141,Bharathi Cement,4.1,215,730,5,--
5142,Bondada Engineering,3.6,215,647,30,66
5143,Qdigi Services,3.3,215,569,12,6
5144,Galaxy Weblinks,3.8,215,899,16,15
5145,MEDICO Healthcare Services & Technologies,3.1,215,908,26,--
5146,Synthite Industries,4.1,215,777,11,15
5147,Mitsui O.S.K. Lines,4.0,215,730,5,--
5148,Ramky Group,4.3,215,746,14,--
5149,The Mission Hospital,3.9,215,760,9,8
5150,Flyhomes,4.3,214,354,2,--
5151,City Montessori School,3.4,214,727,8,4
5152,Codeyoung,3.6,215,680,58,3
5153,Tricon Infra Buildtech pvt.Ltd,3.0,214,764,17,11
5154,Lauren Information Technologies,3.6,215,1.3k,9,3
5155,Verticurl,3.1,214,2k,12,2
5156,Netaxis IT Solutions,3.8,215,283,20,3
5157,Kanoria Chemicals & Industries,3.9,214,884,16,--
5158,inMorphis Services,4.1,215,906,12,12
5159,TATA MEDICAL CENTER,3.8,215,597,15,1
5160,Codeyoung,3.6,215,680,58,3
5161,Cotecna Inspection India,3.6,215,811,9,6
5162,Matix Fertilisers & Chemicals,3.6,216,1k,23,--
5163,Vishnu Chemicals,3.9,215,853,20,16
5164,Innovapptive,4.3,214,688,22,30
5165,TATA MEDICAL CENTER,3.8,215,597,15,1
5166,DelaPlex Software,4.1,214,946,35,17
5167,Jyoti Structures,4.0,214,535,16,1
5168,Zinnov Management Consulting,3.3,214,1.5k,27,92
5169,STMicroelectronics,4.0,214,1.1k,24,12
5170,ZingHR,3.1,214,1.2k,22,--
5171,Torque Pharmaceuticals,3.8,214,726,11,6
5172,Chiripal Poly Films,4.1,214,1.1k,18,7
5173,TLC DigiTech Private Limited,3.2,214,788,16,7
5174,Alp Consulting,3.4,214,1.1k,22,--
5175,TPI Composites,4.3,214,949,24,--
5176,Ecolab,3.5,214,1.4k,23,121
5177,Root Industries,4.0,214,1.2k,8,48
5178,Sterling and Wilson Renewable Energy,4.1,214,868,10,7
5179,Helmerich & Payne,3.8,213,1.8k,9,--
5180,Flair Writing Instruments,3.7,213,864,14,--
5181,SPRAY ENGINEERING DEVICES,4.2,213,766,15,2
5182,Svatantra Micro Housing Finance Corporation Limited,3.9,213,686,16,26
5183,Nahars Engineering India,3.2,213,1k,15,--
5184,Ichhapurti.com,2.4,213,667,20,--
5185,KPR Mill,3.8,213,899,11,--
5186,Square Bpo Services,3.3,213,763,13,9
5187,Anand CY Myutec Automotive,3.6,213,715,12,--
5188,MaRS Planning & Engineering Services,3.8,213,812,8,2
5189,Ts Tech Sun India,4.1,213,747,16,2
5190,All India Radio,4.4,213,620,12,--
5191,BridgeLabz Solutions,3.5,213,532,22,--
5192,AYM Syntex,3.4,213,867,20,--
5193,Cleartrip,3.5,213,1.2k,25,21
5194,Analytix Business Solutions,3.3,213,1.2k,26,--
5195,Maxinfra,4.0,213,738,16,--
5196,Mold-Tek Technologies,3.2,213,927,12,2
5197,Ananth Technologies,3.9,213,1.2k,15,--
5198,Information Services Group,3.7,213,1.5k,23,6
5199,Rapid Care Transcription,4.4,213,416,56,4
5200,Centillion Solutions and Services,4.0,214,554,10,11
5201,AYM Syntex,3.4,213,867,20,--
5202,BridgeLabz Solutions,3.5,213,532,22,--
5203,Cleartrip,3.5,213,1.2k,25,21
5204,Analytix Business Solutions,3.3,213,1.2k,26,--
5205,Mold-Tek Technologies,3.2,213,927,12,2
5206,Maxinfra,4.0,213,738,16,--
5207,Zamil Air Conditioners,4.0,213,511,11,--
5208,Rossari Biotech,3.8,213,1.1k,11,4
5209,John Crane Sealing Systems India,3.4,213,1.2k,21,63
5210,U R Rao Satellite Centre,4.3,213,220,11,--
5211,Cloud Analogy,3.9,215,1.4k,67,--
5212,Special Technical Services,4.0,212,597,12,--
5213,Chhatrapati Shivaji International Airport,3.5,212,1.1k,11,--
5214,Bikaji Foods,4.1,213,622,14,11
5215,HTL,3.6,213,1.2k,10,4
5216,Third wave Coffee Roasters,3.6,212,834,19,--
5217,Appsierra,4.4,212,273,32,12
5218,Rubamin,4.0,212,1k,19,5
5219,SkillVertex,3.3,212,287,17,3
5220,Chhatrapati Shivaji International Airport,3.5,212,1.1k,11,--
5221,Jm Frictech,3.3,212,1.1k,14,2
5222,AWC Software,3.8,212,1.5k,15,7
5223,Anri Solutions HR Services,4.1,212,617,21,--
5224,Weatherford,3.6,212,887,16,12
5225,YouTube,4.5,212,878,11,--
5226,HTL,3.6,213,1.2k,10,4
5227,SkillVertex,3.3,212,287,17,3
5228,Amrita Vishwa Vidyapeetham,3.7,212,1.2k,17,169
5229,Rubamin,4.0,212,1k,19,5
5230,Appsierra,4.4,212,273,32,12
5231,Third wave Coffee Roasters,3.6,212,834,19,--
5232,Ankura Hospital,3.8,212,964,16,5
5233,ASSA ABLOY,3.5,212,1k,22,3
5234,Vivifi India Finance,3.5,212,832,26,--
5235,Sterling Talent Solutions,3.7,211,731,11,--
5236,Girnar Care,3.5,212,750,19,--
5237,Elsamex Maintenance Services,4.1,211,575,11,--
5238,BetterPlace Safety Solutions,3.5,211,1.4k,20,1
5239,Tps Infrastructure,4.2,211,731,14,--
5240,Ajax Engineering,4.0,211,1.2k,9,6
5241,TP Southern Odisha Distribution,3.4,211,687,20,--
5242,Sterling Talent Solutions,3.7,211,731,11,--
5243,Girnar Care,3.5,212,750,19,--
5244,FAIRWAY ENTERPRISES,3.9,211,884,16,--
5245,Tps Infrastructure,4.2,211,731,14,--
5246,Aziro,3.7,211,1.2k,56,125
5247,Mark's,4.0,211,28,9,2
5248,M Swasth Solutions,3.4,211,436,15,--
5249,EagleBurgmann,4.2,211,1.1k,16,--
5250,SBL,3.7,211,825,7,5
5251,Infiiloom,3.1,211,829,16,2
5252,Montra Electric,3.7,211,787,15,2
5253,UL Solutions,3.9,211,760,14,37
5254,Spacewood,3.4,211,1.2k,11,9
5255,Putzmeister Concrete Machines,3.6,211,962,18,57
5256,ATS Homekraft,4.1,211,724,23,2
5257,Integrated Personnel Services Limited,4.0,211,884,17,16
5258,Moody's,4.0,211,1.8k,29,--
5259,Lizmontagens India,4.1,211,697,7,--
5260,Inchcape Shipping Services,3.4,211,1.2k,24,15
5261,Integrated Personnel Services Limited,4.0,211,884,17,16
5262,Moody's,4.0,211,1.8k,29,--
5263,M Swasth Solutions,3.4,211,436,15,--
5264,ATS Homekraft,4.1,211,724,23,2
5265,Lizmontagens India,4.1,211,697,7,--
5266,SBL,3.7,211,825,7,5
5267,EagleBurgmann,4.2,211,1.1k,16,--
5268,NOVO Medisciences,3.4,211,484,27,8
5269,Spacewood,3.4,211,1.2k,11,9
5270,Putzmeister Concrete Machines,3.6,211,962,18,57
5271,Infiiloom,3.1,211,829,16,2
5272,UL Solutions,3.9,211,760,14,37
5273,Montra Electric,3.7,211,787,15,2
5274,Cummins Generator Technologies,4.1,210,725,13,--
5275,Gensol Engineering,3.7,210,760,15,--
5276,MMTC-PAMP,3.7,210,806,14,--
5277,Pradhan Mantri Kaushal Vikas Yojana,4.0,210,372,7,--
5278,Bioseed,4.1,210,426,15,--
5279,Tci Freight,4.1,210,783,13,--
5280,Gensol Engineering,3.7,210,760,15,--
5281,Anlage Infotech,3.2,210,764,19,1
5282,Ziff Davis Performance Marketing,3.7,210,779,4,2
5283,Tci Freight,4.1,210,783,13,--
5284,Govt. Medical College,4.2,210,850,13,--
5285,Koye Pharmaceuticals,3.3,210,591,9,--
5286,Innovalance Learning Systems,3.1,210,368,35,--
5287,Oasis Fertility,3.9,210,607,17,6
5288,SITA,3.9,210,1.1k,29,7
5289,Eternis Fine Chemicals,3.3,210,1.1k,18,--
5290,Qi Spine Clinic,3.0,210,506,19,5
5291,Bajel Projects,4.2,211,613,20,8
5292,Keertana Finserv,3.3,210,482,25,9
5293,Arihant Publications,3.4,210,534,24,5
5294,COWI,4.1,210,665,9,4
5295,Career Launcher,3.7,210,1k,8,9
5296,Modicare,4.0,210,771,19,1
5297,Toppan Merrill,3.9,210,1.4k,24,20
5298,Linux Laboratories,3.9,210,485,20,3
5299,Biryani By Kilo,4.3,209,714,6,--
5300,Emami Frank Ross,3.7,209,720,9,1
5301,Travel Boutique Online,3.2,209,1.2k,27,3
5302,Su-Kam Power Systems,3.3,209,500,5,--
5303,Vidya Mandir Classes,3.4,209,842,9,1
5304,Texspin Bearings,4.1,209,1.1k,17,12
5305,Zivame.com,3.6,209,1k,10,--
5306,Axio,3.8,209,852,8,--
5307,John Deere Financial,4.3,209,573,14,--
5308,Abante Integrated Management Services,4.2,209,672,18,13
5309,Quest Global Technologies,3.5,209,1.7k,26,9
5310,Ebixcash World Money,3.5,209,874,17,11
5311,Jindal Worldwide,3.4,209,986,10,9
5312,Turito,3.0,210,863,25,--
5313,Indo National Limited (Nippo),4.2,209,682,11,3
5314,Rotostat Services,3.8,209,803,18,31
5315,Wardwizard Innovations & Mobility,3.3,209,675,10,24
5316,Crimson Interactive,2.6,209,1.1k,20,14
5317,Carzonrent,3.3,209,632,3,3
5318,Wanbury,3.4,209,798,7,2
5319,Matter Motor Works,3.4,210,1k,24,5
5320,Ayesa,4.0,209,608,15,1
5321,Country Club India,3.4,209,518,2,--
5322,EMCO,3.6,209,607,6,--
5323,International Certification Services,3.2,209,781,7,7
5324,Chitkara University,4.0,209,690,17,15
5325,Jagran Prakashan,3.7,209,871,8,3
5326,Futaba Industrial Gujarat,4.4,209,788,12,--
5327,Pathfinder Business Analysis,3.4,209,1.2k,14,--
5328,Kh Exports,3.9,209,836,9,--
5329,LNV Technology,3.9,209,633,14,3
5330,Aneja Associates,3.2,209,815,16,2
5331,C DOT,3.7,209,1.2k,34,--
5332,Grass Roots Research & Creation,4.7,209,129,2,4
5333,Beri Udyog,3.8,209,802,17,10
5334,HOLITECH INDIA,4.1,208,718,27,--
5335,Pradan,3.8,209,457,18,1
5336,Experion Developers,4.7,208,638,6,1
5337,Prime Focus,3.9,208,627,1,--
5338,CallHealth,3.6,208,805,4,--
5339,N.K. Realtors,4.3,208,485,31,8
5340,Gujarat Narmada Valley Fertilizers & Chemicals,4.3,208,812,10,--
5341,Kerakoll,4.2,208,707,16,--
5342,Vinsum Axpress,3.6,208,525,13,8
5343,Fulcrum Digital,3.5,208,1.4k,34,2
5344,MeritNation,3.2,208,584,7,--
5345,IDMC,3.7,208,884,7,5
5346,Graviti Pharmaceuticals,3.1,208,900,6,13
5347,RateGain,3.8,208,1.4k,23,28
5348,Continental Hospitals,3.9,208,846,14,16
5349,Videojet Technologies,3.7,208,788,9,6
5350,Manipal Business Solutions,3.6,208,756,14,--
5351,SpeedLabs,3.7,208,439,14,17
5352,Apex Hospital,4.0,208,840,13,19
5353,Motion Education,3.3,208,911,17,60
5354,SAS,4.2,208,1.7k,21,47
5355,AARGEE STAFFING SERVICES,3.7,208,654,6,--
5356,Bodal Chemicals,3.5,207,1.2k,19,7
5357,Soothe Healthcare,3.3,207,843,17,2
5358,Brainium Information Technologies,3.7,207,512,9,--
5359,Geo Chem Laboratories,3.8,207,648,12,4
5360,KisanKraft Machine Tools,3.3,207,740,14,--
5361,Fibe,3.6,207,1.3k,17,24
5362,AGROCEL INDUSTRIES,4.4,207,667,16,--
5363,Dr Oetker,4.3,207,824,14,--
5364,Lingaya's Vidyapeeth,4.5,207,278,46,3
5365,Geo Chem Laboratories,3.8,207,648,12,4
5366,Atidiv,2.9,208,1.2k,22,5
5367,Bilt Graphic Paper Products,3.8,207,764,13,4
5368,Soothe Healthcare,3.3,207,843,17,2
5369,ARaymond,4.0,207,1k,16,20
5370,ACME Group,4.6,207,284,31,--
5371,Kopran,3.7,207,1.2k,13,8
5372,Drools,3.4,207,682,8,9
5373,Lokesh Machines,3.8,207,829,12,5
5374,Rajesh Motors,3.8,207,637,6,--
5375,Mordor Intelligence,3.0,207,972,20,--
5376,Fleet Management,4.0,207,750,21,39
5377,Malayala Manorama,3.7,207,1.1k,13,73
5378,Upstox,3.5,207,1.5k,46,16
5379,Alpha Design Technologies,3.6,207,1.2k,15,1
5380,Alpha Design Technologies,3.6,207,1.2k,15,1
5381,Upstox,3.5,207,1.5k,46,16
5382,KisanKraft Machine Tools,3.3,207,740,14,--
5383,Bhima Gold,3.8,207,791,17,2
5384,AGROCEL INDUSTRIES,4.4,207,667,16,--
5385,Rohan Motors,3.6,207,725,13,5
5386,Colorbar Cosmetics,4.0,207,583,14,--
5387,CBSI,3.3,206,1.1k,10,--
5388,ORISSA METALIKS,3.8,207,843,10,--
5389,Teleone,3.6,206,710,12,--
5390,Stashfin,3.8,206,781,13,4
5391,Cross Country Infotech,4.0,206,747,51,2
5392,Emversity,4.0,206,211,63,--
5393,PEARCE SERVICES,3.3,206,1.1k,20,14
5394,ITCube Solutions,3.0,206,993,16,3
5395,Magicrete Building Solutions,3.9,206,829,23,15
5396,Pran Beverages India,3.7,206,701,14,2
5397,Supreme Treon,4.0,207,866,13,17
5398,Gulbrandsen,4.1,206,1.1k,6,3
5399,Tbea Energy,3.8,206,873,14,12
5400,Connectwell Industries,3.7,206,1k,15,45
5401,PEARCE SERVICES,3.3,206,1.1k,20,14
5402,Pran Beverages India,3.7,206,701,14,2
5403,ORISSA METALIKS,3.8,207,843,10,--
5404,Tbea Energy,3.8,206,873,14,12
5405,Tata Lockheed Martin Aerostructures,4.0,208,961,16,--
5406,Supreme Treon,4.0,207,866,13,17
5407,Development Consultants,3.3,206,565,11,--
5408,Gulbrandsen,4.1,206,1.1k,6,3
5409,IFB Automotive,3.8,206,813,7,4
5410,AISATS,3.2,206,391,11,--
5411,NMIMS,3.7,206,1.1k,22,--
5412,BPO+,4.4,205,1.8k,46,1
5413,Keolis Hyderabad Metro,3.9,206,879,13,--
5414,Sri Gopikrishna Infrastructure,4.0,205,489,7,--
5415,Elofic Industries,4.0,206,788,11,--
5416,Prem Henna,3.4,205,541,4,--
5417,Hgs Services,3.8,205,647,55,--
5418,Centrient Pharmaceuticals,3.8,205,1.1k,17,--
5419,Deutsche Telekom Digital Labs,3.6,206,1.8k,37,9
5420,Jay Ushin,4.0,205,880,7,--
5421,SEO Discovery,4.8,205,198,59,3
5422,Comcast India Engineering Center,3.7,205,2.2k,58,15
5423,Artech,3.1,205,1.4k,13,--
5424,Shanthi Gears,3.4,205,1.2k,19,1
5425,Janatics India,4.1,205,1.3k,11,12
5426,PES Engineers,4.2,205,721,12,--
5427,Oxyzo Financial Services,3.4,205,1.1k,12,1
5428,Aarav Global Products & Services Private Limited,3.0,207,735,14,8
5429,Shriram Fortune Solutions,3.6,205,461,9,--
5430,Decimal Technologies,2.8,205,1.7k,34,--
5431,i-exceed technology solutions,2.7,205,1.5k,43,16
5432,Mol Information Processing Services India,3.5,205,832,8,27
5433,Anglo-Eastern Ship Management,4.1,205,554,17,4
5434,SmartStream Technologies,3.4,205,1.6k,17,11
5435,ASP OL Media,4.0,205,335,71,7
5436,NGK Spark Plugs,4.1,204,729,25,--
5437,Raheja Developers,2.5,205,798,6,--
5438,ACT Plast Paints,3.8,204,781,11,2
5439,Orthosquare Dental Clinic,4.6,204,85,16,--
5440,Providence Global Center,3.6,204,1.7k,20,30
5441,SkilloVilla,4.2,204,255,18,8
5442,OptimHire,3.6,204,813,28,--
5443,Country Inns & Suites,4.2,204,623,6,--
5444,Blackbuck Insights,3.6,204,864,17,--
5445,Hi Tech Informatics,3.5,204,703,12,--
5446,Milan Laboratories India Private Limited,3.7,206,959,9,5
5447,BTL EPC LTD,3.6,204,755,19,1
5448,Al Ahleia Switchgear,3.6,204,513,12,--
5449,Andhra Pradesh State Skill Development Corporation,3.8,205,557,5,--
5450,Kazo Fashion,3.3,204,544,12,--
5451,Paychex IT Solutions India,3.3,204,1.1k,30,22
5452,BajajSons,3.6,204,851,10,4
5453,Sagitec Solutions,3.2,204,1.6k,23,3
5454,CRB Tech Solution,3.7,204,418,12,--
5455,Groupe Lactalis,3.5,204,795,10,129
5456,Shopclues,3.3,204,1.1k,9,57
5457,Parker Hannifin,3.6,204,1k,7,8
5458,Quest Diagnostics,4.5,204,897,11,4
5459,Orange Retail Finance,3.8,204,634,6,--
5460,Praxis home Retail,4.3,204,818,7,9
5461,iLink Digital,2.8,204,1.7k,23,26
5462,Josh Talks,4.2,204,375,28,3
5463,Roulunds Braking,3.6,204,786,21,2
5464,Haldiram's Prabhuji,2.7,203,549,11,--
5465,Sahajanand Laser Technology,3.2,203,851,19,18
5466,TNT Express,4.0,203,399,6,--
5467,ZKTeco Biometrics,3.0,203,1.2k,26,--
5468,PagarBook,3.6,203,856,19,3
5469,Petronas Lubricants,3.1,203,694,19,4
5470,St Regis,4.1,204,626,9,--
5471,Vishay Components,4.2,203,774,13,--
5472,Jindal (India) Limited,4.1,204,296,12,--
5473,Tokai Imperial Rubber India,3.9,203,790,14,--
5474,Tresor Systems,3.7,203,723,12,9
5475,Emirates Flight Catering,4.3,203,270,28,--
5476,Radhakrishna Foodland,3.8,203,761,9,--
5477,Parijat Industries (India),4.0,203,741,10,1
5478,Utkal Alumina International,4.2,203,688,17,--
5479,Vinculum Solutions,2.4,203,1.4k,14,9
5480,Aditi Consulting,3.4,203,1k,17,1
5481,Izmo,2.9,203,833,17,33
5482,Emiza Supply Chain Services Private Limited,3.4,203,719,10,2
5483,Jindal (India) Limited,4.1,204,296,12,--
5484,Tokai Imperial Rubber India,3.9,203,790,14,--
5485,Tresor Systems,3.7,203,723,12,9
5486,Parijat Industries (India),4.0,203,741,10,1
5487,TNT Express,4.0,203,399,6,--
5488,Radhakrishna Foodland,3.8,203,761,9,--
5489,Siemens PLM Software,4.1,203,1.7k,12,--
5490,Deep Industries,3.6,203,957,21,3
5491,Utkal Alumina International,4.2,203,688,17,--
5492,CONTUS TECH,4.2,203,890,57,1
5493,Vinculum Solutions,2.4,203,1.4k,14,9
5494,Skypro Technologies,3.2,203,712,14,--
5495,Transaction Solutions International (India) Pvt Ltd,3.8,203,744,21,--
5496,Ashv Finance,4.1,202,739,10,--
5497,Peps Industries,4.1,203,699,13,--
5498,S.c Johnson Products,4.1,202,565,2,1
5499,Gleeds Consulting (India) Pvt. Ltd,4.2,202,712,9,1
5500,Jesons Industries,3.5,202,1.1k,17,2
5501,Sakura Autoparts,3.7,202,827,11,--
5502,Prozo,3.3,202,903,11,1
5503,eligarf Technologies,4.0,202,232,13,1
5504,Manohar Filaments,3.8,202,925,12,1
5505,TransPerfect,3.0,202,1.2k,30,21
5506,Vnr Seeds,3.9,202,699,15,27
5507,Simform,3.7,202,1.4k,49,13
5508,MSC Technology India,4.0,202,1.6k,42,13
5509,Elin Electronics,3.9,202,710,2,--
5510,Alghanim International,4.1,202,582,7,6
5511,Altum Credo Home Finance,3.7,202,670,7,3
5512,Crossword Bookstores,3.6,204,530,7,2
5513,Ways2excel,4.4,202,61,4,--
5514,Hidesign,3.0,202,884,17,10
5515,HIVELOOP LOGISTICS,4.2,202,410,5,--
5516,ZunRoof Tech,3.7,202,461,40,27
5517,Mazars,2.9,202,1.4k,21,56
5518,Pacific Development Corporation Limited (Pacific Group),3.5,202,1k,19,12
5519,Shirdi Sai Electricals,3.6,202,623,16,2
5520,Wings Biotech,3.0,202,496,11,13
5521,Rama University,3.3,201,524,14,177
5522,SMC Power Generation,3.7,202,788,14,--
5523,Ramoji Film City,4.1,201,630,9,--
5524,GEETANJALI HOMESTATE,3.7,201,272,16,--
5525,Skandhanshi Infra Projects,4.4,201,887,15,3
5526,Kama Ayurveda,3.9,202,761,19,1
5527,Bhutani Group,4.3,201,708,38,--
5528,Nyx-medical Solutions,3.2,201,721,15,2
5529,Zen Technologies,3.9,201,839,25,17
5530,Bajaj Markets,3.0,201,1.3k,9,--
5531,Igarashi Motors,3.8,201,1k,9,12
5532,Embassy Services,3.9,201,928,11,5
5533,Masu Brakes,3.4,201,771,15,--
5534,Tata Asset Management Private Limited,3.8,201,955,12,--
5535,Sapphire Software Solutions (India),4.3,201,323,13,6
5536,Enmas O & M Services,4.2,201,648,11,--
5537,Brnd.Me,3.7,202,848,20,6
5538,Besant Technologies,3.7,201,1.2k,18,--
5539,Corrival Corporate Services,4.2,201,487,22,--
5540,Embio,3.9,201,892,6,4
5541,ICA Pidilite,4.1,200,739,8,--
5542,Avaali Solutions,4.4,200,419,46,10
5543,Sigma Freudenberg NOK,4.1,200,938,10,--
5544,TRIGO Group,2.6,200,694,15,--
5545,MAKEEN Energy,3.8,200,490,15,--
5546,Fisdom,3.3,200,826,16,2
5547,Symphoni HR,4.0,200,343,25,--
5548,UST BlueConch Technologies,3.6,200,1.3k,20,--
5549,TP Northern Odisha Distribution,3.6,200,706,22,--
5550,B2x Service Solutions,3.9,200,474,4,--
5551,TomTom,3.8,201,960,14,3
5552,Sendan International Co,2.1,200,512,15,--
5553,Horiba India,3.6,200,1.1k,9,--
5554,Arihant Superstructures,3.6,200,637,45,--
5555,Smart Energy Water,2.9,201,1.6k,24,3
5556,Futurism Technologies,3.7,200,1.1k,40,--
5557,Mfine,3.6,200,1.2k,24,2
5558,CIMS Hospital,4.2,200,598,6,--
5559,Srg Housing Finance,4.0,200,594,13,18
5560,TechStar Group,4.2,200,990,20,1
5561,SSEM,3.3,200,351,10,--
5562,Smart Energy Water,2.9,201,1.6k,24,3
5563,InSync Analytics,2.5,200,1.3k,38,2
5564,Rajapushpa Properties,3.8,200,905,17,11
5565,DigiCall Teleservices,4.0,200,330,2,--
5566,Simplify Healthcare,2.6,200,1.7k,39,1
5567,Dhampur Sugar Mills,4.0,200,723,16,8
5568,CIMS Hospital,4.2,200,598,6,--
5569,ECOS (I) MOBILITY & HOSPITALITY,4.0,200,434,6,--
5570,Amphenol Fci,3.8,200,894,13,4
5571,Prologic Web Solutions,4.0,200,385,37,4
5572,Srg Housing Finance,4.0,200,594,13,18
5573,JSW Severfield Structures,3.8,200,816,12,--
5574,Ami Polymer,3.6,200,698,15,20
5575,Entertainment Network India,3.5,200,1k,9,14
5576,IIMT Group of Colleges,4.2,200,564,29,24
5577,Avis,3.6,199,654,8,--
5578,IDBI Capital,3.7,199,872,12,7
5579,Kalyan Toll Infrastructure,4.2,199,678,7,--
5580,NMDC Steels,3.9,199,638,9,--
5581,Kirloskar Technologies,4.1,199,519,18,6
5582,Aress Software and Education Technologies,2.6,199,1.1k,15,--
5583,Logicon Facility Management,3.3,199,738,14,--
5584,Primary Health Centre,4.3,199,720,8,--
5585,Destek Infosolutions,4.1,199,213,11,--
5586,MBL Infrastructure Limited,3.9,199,507,12,21
5587,SCON Projects,4.5,199,628,7,--
5588,Republic TV,3.3,199,791,21,14
5589,Army Medical Corps,4.8,199,654,18,--
5590,WinWire,3.2,199,1.6k,29,23
5591,DGS Technical Services,3.1,200,864,4,9
5592,Kalyan Toll Infrastructure,4.2,199,678,7,--
5593,Philip Morris International,4.2,199,680,14,--
5594,Raksha TPA,4.1,199,759,6,--
5595,Daffodil Software,3.2,199,1.4k,29,--
5596,Praxair,4.1,199,661,7,--
5597,UFO Moviez,2.9,199,882,9,4
5598,Eurofins Scientific,3.2,199,1.5k,14,136
5599,Venus Home Appliances,4.1,199,649,14,15
5600,Taikisha Engineering India,3.9,199,1.1k,17,2
5601,Dalmia-OCL,3.9,198,576,8,--
5602,dsm-firmenich,4.1,199,1.1k,13,14
5603,Samkwang India Electronic,3.2,198,806,17,2
5604,Volksoft Technologies,4.2,198,165,4,--
5605,Three D Integrated Solutions Ltd,3.2,198,621,16,12
5606,S.S. Kothari Mehta & Co,3.4,198,810,10,--
5607,Astec LifeSciences,3.7,198,739,17,--
5608,Dollar Industries,3.5,198,796,12,--
5609,Windsor Machines,4.1,198,814,9,3
5610,Sri Ramachandra Institute of Higher Education and Research,3.8,200,916,9,--
5611,Mashreq Bank,3.2,198,1.2k,9,--
5612,Manika Plastech Private Limited,4.0,198,560,13,1
5613,Thejo Engineering,4.0,198,918,23,2
5614,Sleepwell,4.2,199,619,18,--
5615,Valethi Technologies,3.1,198,991,12,4
5616,Wingreens Farms,4.0,198,811,10,2
5617,Sanmar Group,3.7,198,827,23,--
5618,Motorola Solutions,3.9,198,1.6k,34,66
5619,ReGen Powertech,3.7,198,427,10,--
5620,Rishabh Instruments Limited,3.7,198,728,15,16
5621,Beckman Coulter,3.4,198,1.2k,12,153
5622,Adhaan Solutions,3.8,198,623,12,1
5623,Globus Spirits,3.9,198,903,12,--
5624,Hy Gro Chemicals Pharmtek,3.8,198,673,11,--
5625,Tm Automotive Seating Systems,3.5,198,851,9,--
5626,Energy Efficiency Services,3.8,198,774,13,--
5627,Revolt Motors,3.3,198,762,29,21
5628,Solugenix India Private Limited,3.1,198,1.7k,32,14
5629,Hospet Steels,3.7,198,807,18,--
5630,Puthur Infotech,3.6,198,718,8,2
5631,Tech Mahindra Foundation,4.0,198,573,31,10
5632,MKU,3.3,198,717,10,10
5633,Loconav,3.0,198,1.2k,13,--
5634,Mukand Sumi Special Steel,3.7,197,670,15,--
5635,Bharat Institutions,3.3,197,177,6,--
5636,Lakshmi Life Sciences,3.9,197,1k,11,--
5637,Paytm Money,3.1,197,1.3k,28,9
5638,DTC Projects,3.8,198,602,21,26
5639,Timex Group India,3.9,197,833,5,3
5640,Bharat Institutions,3.3,197,177,6,--
5641,Techmagnate,4.3,197,768,20,14
5642,Prasol Chemicals,3.4,197,1.2k,25,11
5643,Svasti Microfinance,4.0,197,498,6,4
5644,Marengo Asia Hospitals,4.0,197,407,8,19
5645,Extentia Information Technology,3.4,197,1.4k,16,--
5646,Pilot Industries,3.5,197,952,19,18
5647,PP Rolling Mills,3.8,197,837,24,3
5648,Hyundai Engineering,3.9,197,747,15,--
5649,Target Publications,4.0,197,316,17,22
5650,Air India Express,3.2,197,1k,17,8
5651,DTC Projects,3.8,198,602,21,26
5652,Timex Group India,3.9,197,833,5,3
5653,Loconav,3.0,198,1.2k,13,--
5654,Exel Rubber,4.0,198,794,17,2
5655,ICE Data Services,3.2,198,1.4k,29,13
5656,VIS Networks,3.9,197,1.1k,13,9
5657,Canvera,3.6,197,623,5,--
5658,Luthra Group Company,4.1,197,860,22,12
5659,Caretel Infotech,3.5,197,441,10,--
5660,GKC Projects,4.4,197,435,--,--
5661,Black & Veatch,4.1,197,983,15,95
5662,Vrinsoft Technology,4.6,197,233,30,5
5663,Blowhorn,3.2,197,566,7,--
5664,Doubletree By Hilton,4.0,197,543,8,--
5665,Orbit Techsol,3.6,197,1.1k,12,20
5666,Saudi Electricity Company,4.1,197,371,10,--
5667,Gulf Spic General Trading & Contracting Company,3.5,197,767,11,--
5668,Schreiber Dynamix Dairies,4.0,197,658,8,16
5669,Oasis Infobyte,4.1,200,136,23,--
5670,Autoline Industries,3.4,198,830,15,--
5671,In2IT Technologies,3.1,196,1.1k,17,8
5672,Liebherr Appliances India,4.0,196,847,11,52
5673,Rudrabhishek Enterprises,3.2,196,777,11,9
5674,Jubilant Motorworks,4.0,196,640,11,--
5675,Service Master Clean,3.8,196,685,14,--
5676,alliantgroup,2.2,196,1k,24,--
5677,University Living Accommodation,3.9,196,536,25,27
5678,Pin Click,2.7,196,476,14,11
5679,Mangalam Landmarks,4.8,196,135,92,18
5680,Exeltis,4.0,196,521,14,3
5681,Rudrabhishek Enterprises,3.2,196,777,11,9
5682,Mangalam Landmarks,4.8,196,135,92,18
5683,Ksolves India Limited,2.9,196,1.1k,58,9
5684,Jubilant Motorworks,4.0,196,640,11,--
5685,India Pesticides,3.9,196,799,15,6
5686,The Cosmos Co-operative Bank,3.5,196,971,9,--
5687,Exponentia.ai,3.6,196,797,21,28
5688,Bhansali Engineering Polymers,3.3,196,738,19,4
5689,IntelliSmart Infrastructure,3.6,196,749,16,6
5690,Nutanix,3.5,196,2.3k,87,57
5691,DE Shaw,3.6,196,2.9k,130,--
5692,Roots Multiclean,3.8,196,1k,19,59
5693,IILM,4.1,196,459,11,3
5694,Food Corporation of India,4.1,196,681,15,--
5695,Dishnet Wireless,4.3,196,373,--,--
5696,Maahi Milk Producer Company,4.1,196,499,15,1
5697,Beyond Key,4.3,196,626,18,17
5698,RJ Corp,4.2,196,574,9,--
5699,Infojini,3.0,196,692,16,17
5700,Dishnet Wireless,4.3,196,373,--,--
5701,IILM,4.1,196,459,11,3
5702,Roots Multiclean,3.8,196,1k,19,59
5703,Google Maps,4.8,196,156,21,--
5704,Odisha Power Generation Corporation,3.8,196,705,8,--
5705,Ludhiana Beverages,3.9,196,769,11,4
5706,InfoService,4.1,195,1k,37,--
5707,NullClass,3.6,195,164,15,--
5708,Jabsons Foods,4.0,195,440,31,3
5709,Zen3 Info Solutions,3.9,195,1.3k,13,--
5710,Ganesh Grains,3.3,196,605,19,3
5711,Kifs Housing Finance,3.6,196,533,9,2
5712,Green Park Hotels,4.2,195,672,3,--
5713,Mantra Softech,3.8,195,1.1k,15,14
5714,Kohler Power,4.0,195,964,10,--
5715,DNEG CREATIVE SERVICES,3.0,196,907,9,39
5716,Getix Health,3.8,196,970,15,13
5717,NSL Textiles,4.0,195,647,11,--
5718,Flender,3.7,195,1.1k,15,2
5719,Webasto Roofsystems India,3.9,195,914,17,--
5720,Indel Money,3.9,195,573,9,21
5721,Modern Business Solutions,3.7,195,580,8,--
5722,DAIMLER TRUCKS ASIA,3.8,195,1.2k,5,--
5723,Margadarsi Chit Fund,3.7,195,652,11,--
5724,OnMobile Global,3.4,196,1.4k,16,--
5725,Nipro India Corporation,3.4,195,929,19,13
5726,World Health Organization,4.0,195,359,17,--
5727,Apps Associates,3.8,195,1.4k,12,8
5728,IIHT,3.6,195,855,3,--
5729,VDart,4.0,195,926,51,8
5730,Anu Industries,3.4,195,704,9,2
5731,JNET Technologies,3.7,195,703,13,2
5732,Medecins Sans Frontieres,4.3,195,400,13,--
5733,Stats Perform,3.4,195,1k,21,4
5734,Frontizo Business Services,3.5,195,590,21,--
5735,SACHA Engineering,3.4,195,1.3k,14,1
5736,DevTown,3.7,194,124,35,--
5737,Go Speedy Go,4.5,194,100,16,--
5738,One Point Solutions,3.2,194,1.1k,9,--
5739,China State Construction Engineering Corporation,3.9,194,590,19,--
5740,Jagran New Media,3.3,194,640,7,--
5741,Accord Synergy,3.1,194,400,9,1
5742,AccSource KPO,3.2,194,844,27,--
5743,AXIS Solutions,3.4,194,740,14,6
5744,CodSoft,3.8,194,146,23,--
5745,Marolix Technology Solutions,2.9,194,1k,16,--
5746,Ushodaya Enterprises,4.1,194,750,6,7
5747,Truemeds,3.5,194,882,23,82
5748,Axalta Coating Systems,4.0,194,816,12,5
5749,Bullmen Realty,3.0,194,743,19,6
5750,Nippon Data Systems,3.4,194,1.1k,27,6
5751,AB Mauri India,3.9,194,772,11,2
5752,Manitou Equipment India,4.3,194,864,19,--
5753,SEW Eurodrive india,4.2,195,828,18,--
5754,Godrej Appliances,3.7,195,658,8,--
5755,Cholayil Private Limited,4.0,194,649,7,6
5756,Indobevs,3.9,194,820,13,--
5757,Alp Nishikawa,4.0,194,779,8,4
5758,Colruyt Group,3.8,194,1.1k,10,5
5759,Cosmos Impex,4.2,194,949,19,5
5760,Nippon Data Systems,3.4,194,1.1k,27,6
5761,Ushodaya Enterprises,4.1,194,750,6,7
5762,Truemeds,3.5,194,882,23,82
5763,EDR Continuous Information,2.9,193,814,11,--
5764,RLabs Enterprise Services,3.0,193,1.3k,20,--
5765,Abu Dhabi National Hotels,4.0,193,277,10,--
5766,Apache Footwear,3.6,193,670,18,--
5767,Marathon Electric India,3.5,195,838,12,4
5768,OEN India,4.1,194,894,16,1
5769,SmartWorld Developers,4.2,193,864,16,2
5770,DS-MAX Properties,3.6,194,899,27,1
5771,Brainware University,3.1,193,552,25,23
5772,Pratibha Industries,4.4,193,431,3,--
5773,CETPA InfoTech,3.4,193,764,15,1
5774,Clarion Technologies,3.8,193,1.5k,22,16
5775,A3logics,3.6,193,776,32,--
5776,Ester Industries,3.9,193,793,10,1
5777,Bharat Oman Refineries,3.9,193,791,8,--
5778,Al-Futtaim Group,3.9,193,509,12,--
5779,Repro India,3.4,193,885,15,2
5780,Clarion Technologies,3.8,193,1.5k,22,16
5781,A3logics,3.6,193,776,32,--
5782,Bharat Oman Refineries,3.9,193,791,8,--
5783,Ester Industries,3.9,193,793,10,1
5784,Vensure Employer Services,3.8,193,256,45,39
5785,Japfa Comfeed India Private Limited,3.8,193,839,16,17
5786,Abellon Clean Energy,3.0,193,862,4,--
5787,Maharaja Agrasen Hospital,3.8,193,734,9,23
5788,The Chennai Silks,3.5,192,794,9,1
5789,Integrated Resources,3.8,192,682,36,--
5790,Merkle Sokrati,3.7,192,1.5k,32,--
5791,Amelia,3.4,192,800,15,--
5792,Sun Direct TV,3.9,192,633,9,--
5793,SCIO Management Solutions,4.3,192,671,18,--
5794,Adcock Ingram,3.9,192,844,11,--
5795,Eagle Infra,4.1,192,868,12,--
5796,Rexel,3.6,193,940,13,2
5797,Sula Vineyards,4.1,192,793,10,6
5798,Primus Techsystems,3.5,192,1.2k,10,1
5799,Tecumseh Products,3.3,192,852,10,1
5800,Expeditors International,3.9,192,1.2k,13,--
5801,House Of Diagnostics,4.1,192,730,13,22
5802,KayBee Bio Organics,3.8,192,357,29,14
5803,Knoldus Inc,3.8,192,497,21,2
5804,Zydus Pharma,3.7,193,670,13,--
5805,Arvind Techno Engineers,4.0,192,761,8,--
5806,The Souled Store,3.2,192,668,14,--
5807,Hoonartek,3.4,192,1.5k,17,7
5808,Osam Dairy,3.9,192,450,9,5
5809,Jayanita Exports,3.5,192,673,19,3
5810,Cadsys,3.5,192,509,7,1
5811,Cerium Systems,2.8,192,1.1k,30,--
5812,Nuance Transcription Services,4.1,192,532,1,--
5813,CivilMantra Infracon Private Limited,3.8,192,217,16,--
5814,Anion Healthcare Services,3.9,192,664,13,4
5815,HeyCoach,3.9,192,189,25,11
5816,ICT Service Management Solutions,3.4,191,610,4,1
5817,Oswal Castings,3.6,191,702,13,1
5818,ILJIN AUTOMOTIVE,3.7,191,754,12,--
5819,Empower Pragati,3.5,191,472,12,3
5820,HPM Chemicals & Fertilizers,4.2,191,449,10,--
5821,Competition Team Technology,3.6,191,1.1k,11,--
5822,Vandana Global,2.9,191,804,17,7
5823,Toto India Industries,3.7,191,656,8,7
5824,ARKA Fincap,4.3,191,607,22,1
5825,Biorad Medisys,3.7,191,927,22,3
5826,Shipco It,3.6,191,500,15,13
5827,Redington Group,3.9,191,1.3k,9,12
5828,Acma Computers,3.2,191,848,23,4
5829,SOS Children's Village,3.4,191,483,13,11
5830,CoLive,3.8,191,665,47,--
5831,Hi-Tech,3.7,191,1.2k,22,1
5832,Vivimed Labs,3.3,191,832,9,3
5833,BGD Tech PVT LTD,4.4,191,187,64,--
5834,Txd (india) Technology,4.0,191,789,16,--
5835,Programming.Com,3.4,191,696,21,146
5836,Clean Science And Technology,3.5,191,1k,10,8
5837,Affine,3.3,191,1.4k,55,12
5838,Ministry of Home Affairs,4.2,191,2k,7,--
5839,Gulf Asia Contracting,3.3,191,649,11,--
5840,Epson,4.2,191,634,7,1
5841,Vertafore,3.8,191,1.8k,24,--
5842,Tonglit Autogistic,3.7,191,742,18,3
5843,Laxmi Remote India,3.3,191,719,12,4
5844,Green Gene Enviro Protection And Infrastructure,3.6,193,544,11,--
5845,Epitome Components,3.3,190,827,14,1
5846,Code Brew Labs,3.1,191,727,16,--
5847,Krishi Rasayan Exports,3.8,191,667,11,--
5848,Roha Housing Finance,3.4,190,596,8,1
5849,Godavari Krishna Co-operative Society,4.8,190,91,61,8
5850,Sel Manufacturing Co.,3.8,190,678,8,--
5851,Param Renewable Energy,3.9,190,520,18,--
5852,Reventics,3.9,191,879,16,--
5853,Tirupati Medicare,4.4,190,637,9,2
5854,Radheya Machining,3.6,190,678,10,15
5855,Evonith Steel,3.9,190,534,22,--
5856,Enrich Hair And Skin Solutions,3.5,190,655,7,--
5857,Samsung Semiconductor,3.2,190,1.5k,22,--
5858,NIMS University,3.0,190,705,15,--
5859,Neosym Industry,3.9,190,725,13,3
5860,Monnet Group,4.5,190,448,12,--
5861,DSM Infocom,2.6,190,430,6,1
5862,Kumaran Systems,3.3,190,1.6k,27,24
5863,DB Engineering & Consulting,4.2,190,798,9,6
5864,Ducat,3.4,190,658,14,--
5865,Bygging India,3.9,190,642,16,10
5866,Advids,3.6,190,310,14,--
5867,J Mitra And Co,3.8,190,526,18,13
5868,Sahyadri Industries,3.2,190,806,13,--
5869,SILA Group (India),3.6,190,673,7,--
5870,Danblock Brakes,4.0,190,703,13,--
5871,Value Rcm Solutions,4.1,189,373,33,3
5872,Tata Institute of Social Sciences,4.3,189,706,10,--
5873,Karuna Greentech,4.5,189,132,2,--
5874,Hubergroup,4.0,189,848,7,38
5875,Kayjay Forging,3.6,189,691,9,11
5876,Sheth Creators,3.1,189,765,9,--
5877,Aeon Credit Service,3.4,189,627,12,--
5878,Gokul Agro Resources,3.8,189,870,16,9
5879,insightsoftware,3.6,189,986,33,9
5880,Amtex Systems,3.1,189,1.1k,16,11
5881,E2logy Software Solutions,4.1,189,218,12,7
5882,VAYA Finserv,4.0,189,447,11,--
5883,CDM Smith,3.6,189,799,13,4
5884,Cogniter Technologies,3.4,189,2.6k,20,12
5885,Monocept,3.3,189,1.2k,26,--
5886,Ginni Filaments,3.8,189,751,5,4
5887,Impact Analytics,3.8,189,1.3k,72,33
5888,Hotel Parle International,3.8,189,879,14,2
5889,Royal Cyber,3.3,189,1.3k,14,42
5890,Tropilite Foods,3.5,189,577,13,7
5891,Rimini Street,4.0,189,932,8,35
5892,Dew Solutions,3.4,189,1.2k,23,6
5893,Iron Systems,3.3,189,920,22,22
5894,Paranjape Schemes (Construction) Limited,3.2,189,863,11,7
5895,SPJ group,4.0,189,198,16,8
5896,i-Source Infosystems,3.6,189,785,9,1
5897,Zentiva,4.1,189,823,10,11
5898,Fortune Marketing,3.6,188,837,12,--
5899,LawSikho,4.1,188,380,30,5
5900,LawSikho,4.1,188,380,30,5
5901,Fortune Marketing,3.6,188,837,12,--
5902,Tata Main Hospital,3.8,188,519,19,--
5903,ACUTAAS CHEMICALS LIMITED,3.8,188,1k,16,17
5904,Meritto,3.3,188,1.1k,26,14
5905,NRP Projects,4.0,189,713,9,1
5906,Dmi Housing Finance,4.0,188,586,8,--
5907,Timezone Entertainment,3.5,188,520,12,1
5908,Vardhman Special Steels,4.0,188,684,13,11
5909,Sims Hospital,3.9,188,827,21,1
5910,NTC Logistics India,4.0,188,911,16,--
5911,Apollo Telehealth Services,4.0,188,623,12,--
5912,Edunext Technologies,3.3,188,573,17,4
5913,R-Logic Technology Services,4.1,188,565,13,--
5914,Illusion Dental Laboratory,3.3,188,563,16,19
5915,UTI Asset Management Company,3.8,188,786,13,--
5916,Mobile Premier League,3.7,188,1.4k,26,5
5917,Emirates NBD,2.8,188,1.1k,10,--
5918,Azure Hospitality,4.0,188,571,11,--
5919,BookMyShow,3.7,188,1.2k,28,--
5920,NTC Logistics India,4.0,188,911,16,--
5921,HomeBazaar.com,3.7,188,637,20,129
5922,Oliva Skin and Hair Clinics,3.8,188,616,14,9
5923,Mentorsity,4.4,187,56,12,--
5924,Amentum,3.8,187,255,8,15
5925,ePack Durables Solutions,3.7,188,959,15,--
5926,Vmoksha Technologies,4.5,187,527,24,--
5927,M*Modal,3.6,187,473,2,--
5928,Systopic Laboratories,4.5,187,343,5,16
5929,Government of Bihar,3.5,187,537,2,--
5930,Lumiq,3.2,187,806,15,4
5931,Fermenta Biotech,4.3,187,1k,18,--
5932,Stedman Pharmaceuticals,4.1,187,338,26,7
5933,CloudMoyo,4.0,187,1.2k,8,7
5934,Maharishi Markandeshwar University,3.6,187,542,13,--
5935,Massive Restaurants,3.9,187,637,3,--
5936,Aditya Anagha Multi State Credit Co-Operative Society,4.8,187,107,5,--
5937,"L&T Construction, Mining and Industrial Machinery",4.0,187,367,9,--
5938,LS Automotive India,3.5,187,985,8,2
5939,Modern Automotives,3.8,187,742,28,6
5940,MSV International,3.8,180,505,15,15
5941,Feedback Energy Distribution Company,3.6,180,568,7,--
5942,Karam Safety,4.2,181,720,8,--
5943,Starworth Infrastructure Construction,3.7,180,739,12,7
5944,RT Network Solutions,3.4,180,602,14,1
5945,Indian Council of Medical Research,4.2,180,680,6,--
5946,Donear Industries,3.4,180,817,8,6
5947,Laminaar Aviation Infotech,2.6,180,1.2k,17,--
5948,Jarvis Technology and Strategy Consulting,3.3,180,795,24,2
5949,S V S Projects India,3.1,180,579,11,--
5950,Anytime Fitness,3.6,180,760,14,67
5951,Market Xcel Data Matrix,2.7,180,625,12,1
5952,Dr ITM,3.2,180,471,12,--
5953,Nippon Konpo,4.1,180,545,9,--
5954,Sfc Solutions,3.6,181,868,16,1
5955,Ansal Api,3.9,181,462,12,--
5956,GoMechanic,3.3,180,2k,55,--
5957,GVK Group,3.8,180,709,12,--
5958,Sistema Shyam Teleservices,4.9,180,242,--,1
5959,Aptonline,3.3,182,1.1k,5,--
5960,Innovision,3.0,160,573,13,2
5961,Webdew,4.5,160,150,108,3
5962,Roto Pumps,3.8,160,538,9,2
5963,Apparel Group UAE,3.4,160,20,1,--
5964,Clearwater Analytics,2.6,160,1.2k,25,96
5965,Johnson Electric,3.7,160,899,21,10
5966,Anvil Cables,3.7,160,515,8,--
5967,Amanta Healthcare,4.1,160,600,7,1
5968,Ace Pipeline Contracts,4.2,160,467,12,5
5969,Parsons International,4.0,159,216,7,--
5970,Tulip Diagnostics,3.9,160,498,8,1
5971,India1 Payments,3.8,159,563,8,--
5972,Ivis International,3.5,159,496,7,--
5973,Modenik Lifestyle,3.7,160,635,6,3
5974,Daramic Battery Separator India,3.7,159,611,18,2
5975,Webvio Technologies,4.3,159,265,12,10
5976,5K Car Care,4.4,159,259,48,5
5977,MELCO,3.7,159,558,3,--
5978,Petroexcel Technology Services,3.4,159,594,25,2
5979,LeapScholar,3.4,159,491,44,--
5980,RKC Infrabiult Private Limited,3.7,144,545,15,--
5981,Suwasthi,2.4,144,290,7,1
5982,Europ Assistance India,3.6,144,579,11,3
5983,Chemveda Life Sciences,3.9,144,544,15,11
5984,4i apps solutions,3.6,144,1k,16,16
5985,Beekay Steel Industries,3.0,144,575,10,49
5986,Sirca Paints India,4.2,144,516,11,--
5987,Ravi Infrabuild Projects,3.7,144,553,9,3
5988,Rotork Controls,3.3,144,713,15,18
5989,Alpha Corp,4.3,144,573,21,--
5990,Drake & Scull International PJSC,4.4,143,229,2,--
5991,Chai Break,4.6,143,59,67,--
5992,India Pistons,2.7,143,715,9,1
5993,Demech Chemical Products,4.4,143,357,50,--
5994,TripFactory,2.1,144,498,17,2
5995,Ambience Group,3.6,143,540,19,2
5996,Jamia Hamdard University,3.9,144,423,3,--
5997,Houzeo,3.9,143,291,52,--
5998,Ayana Renewable Power,4.4,143,596,4,7
5999,Ceipal,3.1,143,960,6,--
6000,Adyar Ananda Bhavan Sweets,4.1,123,477,8,7
6001,Jain Housing & Constructions,4.2,123,432,20,23
6002,Prayagh Nutri Products,4.1,123,403,7,--
6003,Indore Composite,3.9,123,640,6,5
6004,Airworks,3.7,123,656,6,11
6005,Modern Informatics,3.7,123,505,11,5
6006,Oremus Corporate Services,3.8,123,604,7,36
6007,JS Auto Cast Foundry,3.8,123,675,8,--
6008,R.K Associates & Hoteliers,2.7,124,429,10,15
6009,Sfj Business Solutions,2.7,123,520,10,1
6010,Clinic Dermatech,3.1,123,445,2,10
6011,Swami Rama Himalayan University,3.9,123,364,7,5
6012,Gromax Agri Equipment,3.7,123,469,7,--
6013,Tvs Training And Services,3.6,123,518,10,6
6014,Paytm Mall,3.6,123,892,7,--
6015,TSR Darashaw,3.4,123,467,7,1
6016,Site Engineering,4.2,123,1k,8,--
6017,Galacon Infrastructure and Projects,3.3,123,259,8,6
6018,GREEN POWER INTERNATIONAL,4.3,123,413,7,--
6019,Sud Chemie,4.5,123,557,5,--
6020,Eduquity Career Technologies,3.5,117,524,10,--
6021,Sciative Solutions,4.0,116,273,36,80
6022,Relinns Technologies,4.5,116,172,19,42
6023,The Walt Disney Company,4.2,116,1k,13,2
6024,6Sense,3.5,116,618,14,--
6025,Learnbay,3.7,116,435,5,--
6026,Ayushman Hospital & Health Services,3.8,116,501,4,7
6027,Drip Capital,3.3,116,549,11,27
6028,GALAXY OFFICE AUTOMATION,4.1,116,516,12,16
6029,Shree Shubham Logistics,4.4,116,346,4,1
6030,Hotel Sahara Star,3.9,116,387,2,10
6031,Artson Engineering,4.1,116,539,13,6
6032,GOURMET INVESTMENTS,4.0,116,291,25,5
6033,Axis Risk Consulting Services,3.5,116,729,6,--
6034,Shiv Enterprises,3.7,116,664,5,7
6035,APPL Industries,3.5,116,578,4,--
6036,Faze Three,3.4,116,618,11,--
6037,MPOnline,3.2,116,455,6,--
6038,Lincoln Electric,3.9,116,678,7,--
6039,Simeio Solutions,3.7,116,851,8,12
